id,name
346547758,OVMFFull
346547851,R
346778196,actual-client
346549854,advi
346548328,aerogramme
346548367,afew
346548362,afflib
346778404,aider-chat-full
346778212,aider-chat-with-bedrock
346778217,aider-chat-with-playwright
346548617,akkoma-admin-fe
346549677,aligator
346779205,alpaca
346554014,am2rlauncher
346549916,amoco
346550005,android-mic
346550530,angr-management
346550092,anki
346550242,ansible-doctor
346550162,ansible-lint
346550144,ansible
346779157,ants
346550285,aocd
346779164,apacheHttpdPackages.mod_tile
346550500,apfelgrid
346550503,apio
346550557,apm-cli
346550567,apostrophe
346550645,apriltag
346550759,ardour
346550804,arelle
346779186,ariang
346550891,ark
346551089,asciidoc-full-with-plugins
346551090,asciidoc-full
346551137,asciidoc-full
346551119,asciidoctor-with-extensions
346551160,asdf-vm
346551125,asdf-vm
346551547,ast-grep
346551602,astroid
346556076,asymptote
346551707,atril
346551722,attract-mode
346551776,audiness
346551864,auto-editor
346551870,auto-multiple-choice
346779211,autopsy
346551982,autotier
346551977,autotier
346551988,autotrace
346551994,av1an-unwrapped
346552058,avro-cpp
346552095,aw-watcher-afk
346552130,awesome
346552145,aws-encryption-sdk-cli
346552241,ax25-tools
346779221,ayatana-indicator-datetime
346552312,azure-cli-extensions.aksarc
346552337,azure-cli-extensions.aosm
346552354,azure-cli-extensions.arcappliance
346552385,azure-cli-extensions.attestation
346552432,azure-cli-extensions.cloud-service
346552438,azure-cli-extensions.connectedk8s
346552441,azure-cli-extensions.containerapp
346552447,azure-cli-extensions.containerapp
346552619,azure-cli-extensions.k8s-configuration
346552627,azure-cli-extensions.k8s-extension
346779229,azure-cli-extensions.rdbms-connect
346779231,azure-cli-extensions.rdbms-connect
346552758,azure-cli-extensions.redisenterprise
346552760,azure-cli-extensions.redisenterprise
346552757,azure-cli-extensions.redisenterprise
346552785,azure-cli-extensions.serial-console
346552891,azure-cli-extensions.vm-repair
346552884,azure-cli-extensions.webpubsub
346552926,azure-mcp
346552936,azure-sdk-for-cpp.messaging-eventhubs-checkpointstore-blob
346553021,azurefox
346553023,baboossh
346779223,backgroundremover
346553057,baddns
346553078,badsecrets
346553089,bagels
346553362,bazaar
346779242,bazarr
346553480,beam27Packages.elixir-ls
346553496,beam27Packages.erlang
346553562,beam28Packages.elixir_1_19
346553565,beam28Packages.elixir_1_20
346553578,beam28Packages.elvis-erlang
346553580,beam28Packages.ex_doc
346553614,beam28Packages.expert
346553604,beam28Packages.rebar
346553607,beam28Packages.rebar3
346553635,beam29Packages.elixir_1_18
346553639,beam29Packages.elixir_1_20
346553650,beam29Packages.erlfmt
346553653,beam29Packages.ex_doc
346553659,beam29Packages.lfe
346553676,beam29Packages.rebar
346553960,beanhub-cli
346553973,beanhub-cli
346553966,beanstalkd
346554015,beeref
346779254,beets
346554066,bender
346554059,bender
346554154,bepasty
346554183,betterlockscreen
346554194,bibletime
346554195,bibletime
346554198,biblioteca
346779262,bilibili-tui
346554324,bino3d
346554363,binwalk
346554353,birdfont
346554383,bisq2
346554375,bitbake-language-server
346554403,bitcoin-knots
346554391,bitcoin-knots
346554392,bitcoind-knots
346554404,bitcoind-knots
346554398,bitcoind-knots
346554438,bitwarden-menu
346554477,black-macchiato
346554462,black
346554476,blacken-docs
346554509,blackvoxel
346554524,blahtexml
346554538,ble-serial
346554556,blendfarm
346554583,blint
346779273,blivet-gui
346554650,blocksat-cli
346779264,bluesky-pds
346561267,bluespec
346561192,bluespec
346554747,bochs
346554774,boinc
346554843,bookup
346554950,borgmatic
346554965,bossa-arduino
346554970,bossa
346779318,bottles-unwrapped
346779344,bottles
346554995,boulder
346555089,breakpad
346555104,breeze-hacked-cursor-theme
346555135,breezy
346555115,brial
346779284,brlcad
346779290,browsr
346555239,brutalmaze
346555240,brutespray
346555229,brutespray
346555302,bs-manager
346555292,btc-rpc-explorer
346555300,btcli
346555340,btrpa-scan
346779304,bubblemail
346555371,budgie-backgrounds
346555406,bugdom
346555429,buildbot-full
346555449,buildbot-ui
346555458,buildbotPackages.buildbot-full
346555455,buildbotPackages.buildbot
346779312,buildstream
346555617,bumblebee-status
346555603,bump-my-version
346555795,c3c
346779311,c3d
346555831,cabal2nix
346555859,caelestia-cli
346555870,caelestia-cli
346555901,caelestia-shell
346555867,caffe
346779331,cai
346555902,caja-extensions
346555938,calcurse
346555949,calendar-cli
346779325,calibre-no-speech
346556017,calibre-web
346555979,cambalache
346556460,cargo-semver-checks
346556592,casacpp
346556598,cassette
346556615,castero
346556609,castopod
346556645,cataclysm-dda-git
346556647,cataclysm-dda-git
346556635,cataclysm-dda
346556658,cataclysm-dda
346556683,catdvi
346556697,catppuccin-cursors
346556729,catppuccin-gtk
346556909,cd-hit
346779352,ceph-csi
346557041,cernlib
346557043,cernlib
346557142,cfripper
346557144,cfripper
346557192,cgt-calc
346779337,cgtcalc
346779343,chatty
346558100,chickenPackages_5.chickenEggs.hypergiant
346560147,chiri
346560177,chromaprint
346560237,ciano
346560381,ckan
346560370,cl
346560487,claws-mail
346560613,clipboard-jh
346560975,cobang
346561128,coconut
346561149,code-server
346561148,codeblocks
346561184,codemov
346561225,coffeegrindsize
346779404,colima
346561772,collabora-desktop
346561633,collabora-online
346561790,collabora-online
346779397,collision
346561313,coloquinte
346779414,comfyui
346561500,compactor
346561494,compare50
346561536,compress-pptx
346561546,concord-tui
346561597,conjure
346561635,conpass
346561661,console-setup
346561678,constrict
346561690,contour
346779431,convertx
346561737,cookiecutter
346779418,copyparty-full-buggy
346779425,copyparty-full-buggy
346779423,copyparty
346779422,copyparty
346562246,coredns
346568803,ffmpeg-full
346568801,ffmpeg-headless
346568833,ffmpeg_6-full
346568836,ffmpeg_7-headless
346568828,ffmpeg_7
346568918,fheroes2
346568963,file-roller
346569033,find-billy
346779766,firefox-beta-unwrapped
346779777,firefox-unwrapped
346569181,firezone-gui-client
346569202,fish-fillets-ng
346569349,fizz
346569427,flang
346569412,flang_20
346569421,flang_22
346569491,flatpak-builder-tools
346779789,flatten-references-graph
346569545,flex-launcher
346569595,flexget
346569568,flightcore
346569862,folia-major
346569867,foliate
346779799,folks
346570006,font-manager
346570070,ford
346570150,foundationdb
346570218,fractal
346570339,freebsd.makeMinimal
346570337,freebsd.mtree
346570361,freebsd.xf86-video-scfb
346570394,freefilesync
346570413,freerdp
346570415,freerdp
346570432,freetalk
346570459,frei0r
346570460,frei0r
346570529,fritzing
346779821,froide-govplan
346779824,froide
346570609,fsnav
346570607,fsnav
346570633,fsuae-launcher
346570632,fsuae
346570729,fusesoc
346570742,fuzzel
346570775,fwup
346570781,fwup
346570816,fzf-preview
346570842,g2o
346570878,gallery-dl
346570892,gama
346570927,game-rs
346570956,gap-minimal
346570979,garble
346570992,gargoyle
346571131,gawkextlib.select
346571198,gcc13
346571209,gcc13
346571199,gcc13Stdenv
346571214,gcc13Stdenv
346571271,gccNGPackages.libatomic
346571255,gccNGPackages.libgcc-libc
346571258,gccNGPackages.libgcc-no-libc
346571252,gccNGPackages.libgcc
346571282,gccNGPackages.libgomp
346571277,gccNGPackages.libssp
346571287,gccNGPackages.libstdcxx
346571295,gccNGPackages.stdenv
346571288,gccNGPackages_15.gcc-unwrapped
346571344,gccNGPackages_15.gcc
346571291,gccNGPackages_15.gccNoLibgcc
346571343,gccNGPackages_15.gccWithLibatomic
346571306,gccNGPackages_15.gccWithLibcAndBasicLibgcc
346571313,gccNGPackages_15.gccWithLibgccNoCxx
346571335,gccNGPackages_15.gccWithLibssp
346571355,gccNGPackages_15.gfortran-unwrapped
346571348,gccNGPackages_15.libsanitizer
346571352,gccNGPackages_15.libstdcxx
346571356,gccNGPackages_15.stdenv
346571358,gccNGPackages_16.gcc
346571371,gccNGPackages_16.gccWithLibc
346571378,gccNGPackages_16.gccWithLibgcc
346571379,gccNGPackages_16.gccWithLibgccNoCxx
346571387,gccNGPackages_16.gfortran
346571401,gccNGPackages_16.libgcc-libc
346571407,gccNGPackages_16.libgfortran
346571436,gccNGPackages_16.libssp
346571492,gcp-scanner
346779829,gdal
346779828,gdal
346779826,gdal
346571527,gdbuspp
346779833,gdcm
346779834,gdcm
346779830,gdcm
346571577,gdtoolkit_3
346779843,geary
346571702,genefer
346571863,get_iplayer
346571960,gfal2-util
346571894,gfal2
346571935,gfal2
346572057,ghauri
346572074,ghcherry
346572070,ghdl-gcc
346779852,ghdorker
346572110,ghidra-extensions.ghidraninja-ghidra-scripts
346572112,ghidra-extensions.ghidraninja-ghidra-scripts
346572144,ghidra-extensions.gnudisassembler
346572133,ghmap
346572221,ghunt
346572216,giada
346572220,giara
346572332,gimp2Plugins.gimplensfun
346572336,gimp2Plugins.lqrPlugin
346572318,gimpPlugins.lightning
346779861,git-annex-metadata-gui
346572417,git-annex-remote-googledrive
346779864,git-annex
346572495,git-dumper
346572603,git-privacy
346572844,git-sim
346572843,git-sim
346572796,gitbeaker-cli
346572834,gitcomet
346572866,gitingest
346779939,gitlab
346572995,gittype
346573062,glade
346573067,glances
346779938,glitchtip
346573202,globus-cli
346573280,gmic-qt
346779895,gmt
346573540,gnatPackages.gpr2
346573559,gnome-boxes
346779897,gnome-calendar
346573708,gnome-keysign
346573662,gnome-online-accounts
346573682,gnome-remote-desktop
346573719,gnome-terminal
346574407,gnomeExtensions.desktop-icons-ng-ding
346574834,gnomeExtensions.gtk4-desktop-icons-ng-ding
346779946,gnucash
346779947,gnucash
346576812,gnucobol
346576915,gnuradio
346576877,gnuradio
346576861,gnuradioMinimal
346576863,gnuradioPackages.fosphor
346576898,gnuradioPackages.gr-difi
346576874,gnuradioPackages.osmosdr
346577199,goattracker-stereo
346577459,godot-mono
346577329,godotPackages_4.godot
346577357,godotPackages_4_4.export-template
346577358,godotPackages_4_4.godot
346577477,godotPackages_4_6.godot-mono
346577456,godotPackages_4_7.godot-mono
346577457,godot_4-mono
346577432,godot_4_4
346577460,godot_4_7
346577530,gohufont
346577624,golly
346577666,goobook
346577700,google-amber
346779973,goverlay
346577993,goxel
346578018,gp2c
346578089,gpodder
346779985,gpt-cli
346578171,gpupad
346578149,gpxlab
346578147,gpxsee
346578184,gqrx-portaudio
346578198,gr-dect2
346578233,gradm
346578421,graphene-hardened-malloc
346578422,graphene-hardened-malloc
346578424,graphicsmagick
346578451,graphpython
346779996,grass
346579242,greenlight
346578652,grisbi
346578676,groestlcoind
346578680,groestlcoind
346578780,gruut
346578862,gst-thumbnailers
346578872,gst_all_1.gst-libav
346579234,gummy
346579305,gyb
346579419,ha-mqtt-discoverable-cli
346579448,hal-hardware-analyzer
346579443,halftone
346579541,handbrake
346579498,handlr
346780018,handy
346579575,harvid
346579657,haskell.compiler.ghc948
346579679,haskell.compiler.microhs
346579710,haskell.compiler.native-bignum.ghc948
346579740,haskell.compiler.native-bignum.ghc96
346580738,haskell.packages.ghc96.haskell-language-server
346580067,haskellPackages.GOST34112012-Hash
346580377,haskellPackages.MIP
346582773,haskellPackages.aztecs-gl-text
346583077,haskellPackages.bindings-directfb
346583082,haskellPackages.bins
346583095,haskellPackages.bit-vector
346583355,haskellPackages.botan-low
346583422,haskellPackages.brillo-rendering
346584397,haskellPackages.comfort-glpk
346584830,haskellPackages.cpython
346586427,haskellPackages.epub-metadata
346586571,haskellPackages.executable-hash
346586583,haskellPackages.exinst-aeson
346587139,haskellPackages.freetype2
346587557,haskellPackages.genvalidity-dirforest
346587544,haskellPackages.genvalidity-network-uri
346587907,haskellPackages.gi-gdkx114
346587915,haskellPackages.gi-gst
346587949,haskellPackages.gi-gstaudio
346587928,haskellPackages.gi-gstvideo
346587943,haskellPackages.gi-gstvideo
346587938,haskellPackages.gi-gtkosxapplication
346588006,haskellPackages.gi-soup
346588874,haskellPackages.grid-proto
346588926,haskellPackages.gtk-traymanager
346588922,haskellPackages.gtk3-mac-integration
346589065,haskellPackages.hamid
346589582,haskellPackages.hevm
346780030,haskellPackages.hgdal
346589664,haskellPackages.highlight
346589755,haskellPackages.hlibgit2
346590688,haskellPackages.hunspell-hs
346590726,haskellPackages.hw-json-simd
346590796,haskellPackages.hw-streams
346590879,haskellPackages.ihaskell-dataframe
346590970,haskellPackages.ihp-hspec
346590969,haskellPackages.ihp-hspec
346591738,haskellPackages.kqueue
346592147,haskellPackages.libtorch-ffi
346592347,haskellPackages.liquidhaskell
346592855,haskellPackages.memcache
346593101,haskellPackages.miso-examples
346593207,haskellPackages.monad-bayes
346594241,haskellPackages.nix-serve-ng
346594383,haskellPackages.om-legion
346594325,haskellPackages.om-time
346595003,haskellPackages.perceptual-hash
346595232,haskellPackages.pipes-zlib
346595484,haskellPackages.postgresql-libpq-notify
346595952,haskellPackages.pthread
346596362,haskellPackages.rdtsc
346596840,haskellPackages.reanimate
346597093,haskellPackages.safe-money-store
346597276,haskellPackages.sdl2-cairo
346597435,haskellPackages.sequenceTools
346598379,haskellPackages.spade
346599416,haskellPackages.termbox-bindings-c
346599418,haskellPackages.termbox
346599896,haskellPackages.timeout-snooze
346600190,haskellPackages.trexio-hs
346601235,haskellPackages.wai-middleware-metrics
346601647,haskellPackages.xbattbar
346601658,haskellPackages.xgboost-haskell
346601965,haskellPackages.yesod-session-persist
346602166,haskellPackages.zot
346602407,hdrop
346602434,headphones-toolbox
346602494,healthchecks
346602595,hedgewars
346602460,heidisql
346602542,hepmc3
346780054,heroic-unwrapped
346602654,hgrep
346602823,hikounomizu
346602803,hikounomizu
346602994,hmcl
346780055,hns
346602984,home-assistant-custom-components.blitzortung
346602977,home-assistant-custom-components.dreo
346602963,home-assistant-custom-components.emporia_vue
346603007,home-assistant-custom-components.hass_web_proxy
346602996,home-assistant-custom-components.localthings
346603045,home-assistant-custom-components.moonraker
346603029,home-assistant-custom-components.octopus_energy
346603039,home-assistant-custom-components.oref_alert
346603087,home-assistant-custom-components.pirate-weather
346603096,home-assistant-custom-components.systemair
346603109,home-assistant-custom-components.volkswagencarnet
346602973,home-assistant
346780082,hp2p
346603549,httpstat
346604152,hyper8
346604664,hyprlandPlugins.borders-plus-plus
346604673,hyprlandPlugins.hypr-darkwindow
346604696,hyprlandPlugins.hyprspace
346604713,hyprlauncher
346604695,hyprmoncfg
346604735,hyprquickframe
346604846,i3-balance-workspace
346604798,i3-wk-switch
346604836,i3a
346604823,i3altlayout
346604990,icinga2
346605094,id3
346605235,idrisPackages.config
346605345,idrisPackages.semidirect
346605365,idrisPackages.tlhydra
346780096,ieda
346605583,ikiwiki-full
346605538,imagemagickBig
346605587,img2pdf
346605634,imlib2Full
346605684,imv
346606125,infer
346605929,inkcut
346605989,inkscape-extensions.silhouette
346605940,inkscape-with-extensions
346606029,inochi-creator
346606023,insulator2
346606048,intelli-shell
346606101,intensity-normalization
346606079,interactive-html-bom
346606124,invoice2data
346606173,ios-webkit-debug-proxy
346606202,iosevka-comfy.comfy-fixed
346606191,iosevka-comfy.comfy-motion
346606208,iosevka-comfy.comfy-wide-duo
346606215,iosevka-comfy.comfy-wide-motion-duo
346606199,iosevka-comfy.comfy-wide
346606180,iosevka
346606404,irods-icommands
346606442,irods-icommands
346606436,ironicclient
346606508,isabelle-components.isabelle-linter
346606462,iso-flags-png-320x240
346606521,isponsorblocktv
346780121,itk_5
346780125,itk_5_2
346780139,jadx
346606817,jaspr_cli
346606823,jaspr_cli
346606785,javaPackages.compiler.semeru-bin.jdk-11
346606986,jellyfin-ffmpeg
346607202,jellyfin
346607055,jetbrains-mono
346780144,jj-pre-push
346607235,johnny
346607298,joplin-desktop
346607415,jrnl
346607567,jtdx
346607597,julia
346607628,julia_112-bin
346607629,julia_112-bin
346607627,julia_112
346607678,jupyter
346607793,kagen
346607801,kaggle
346607804,kaggle
346607929,kakounePlugins.rep
346608040,kapacitor
346608063,karere
346608126,kazv
346608157,kcat
346608574,kdePackages.kimageformats
346608736,kdePackages.kquickimageedit
346608761,kdePackages.krdp
346609012,kdePackages.mapbox-gl-qml
346608989,kdePackages.mlt
346609114,kdePackages.qt3d
346609165,kdePackages.qtmultimedia
346609239,kdePackages.qtwebengine
346609450,ketch
346609519,keyfinder-cli
346609576,khal
346780256,ki
346609606,kicad-testing-small
346609601,kicad
346609629,kide
346780261,kikoplay
346609666,kind2
346609670,kind2
346780262,kitty
346609745,klayout
346609781,klipperscreen
346609913,knot-resolver-manager_6
346610173,kohighlights
346610132,koito
346610230,kopuz
346780275,kotatogram-desktop
346610275,koules
346610354,krita-plugin-gmic
346610347,krita
346610399,ktx-tools
346610400,ktx-tools
346610494,kubectl-kcl
346610749,kuzu
346610742,kuzu
346780280,kxstitch
346780297,lacus
346610861,ladybugdb
346780287,lakefs
346610970,latexml-oxide
346610985,latte-integrale
346611001,lazarus-qt5
346611063,lbdb
346611162,lctime
346611163,ldeep
346611192,lean
346611187,lean3
346611319,ledfx
346611335,lemmy-ui
346611339,lemon-graph
346611371,leo-editor
346611456,lexicon
346611894,libctemplate
346612077,libedgetpu
346612184,libfaketime
346612601,libixion
346612658,libkiwix
346612970,libmspub
346613034,libnop
346613093,libomxil-bellagio
346613161,libopensmtpd
346613251,libpisp
346613410,librecad
346780339,librelane
346613447,libreoffice-collabora
346780378,libretranslate
346613734,librist
346613816,librum
346613785,libsForQt5.libcommuni
346613823,libsForQt5.mapbox-gl-qml
346614060,libsForQt5.telepathy
346614318,libtas
346614341,libtorrent-rasterbar-1_2_x
346614371,libtorrent-rasterbar-1_2_x
346614394,libui-ng
346614841,libzdb
346614863,lice
346614908,lichess-bot
346614911,lief
346615007,lilypond-unstable
346615086,lilypond-with-fonts
346615003,lilypond
346615023,limesuiteWithGui
346615073,lincity-ng
346615101,linphonePackages.bc-ispell
346615163,linphonePackages.linphone-desktop
346615283,linuxKernel.packages.linux_5_10.ax99100
346615250,linuxKernel.packages.linux_5_10.ecapture
346615244,linuxKernel.packages.linux_5_10.ecapture
346615284,linuxKernel.packages.linux_5_10.mbp2018-bridge-drv
346615328,linuxKernel.packages.linux_5_10.pktgen
346615460,linuxKernel.packages.linux_5_15.can-isotp
346615441,linuxKernel.packages.linux_5_15.can-isotp
346615467,linuxKernel.packages.linux_5_15.ecapture
346615517,linuxKernel.packages.linux_5_15.ena
346615480,linuxKernel.packages.linux_5_15.ena
346615502,linuxKernel.packages.linux_5_15.lenovo-legion-module
346615511,linuxKernel.packages.linux_5_15.mbp2018-bridge-drv
346615565,linuxKernel.packages.linux_5_15.nvidia_x11_beta_open
346615553,linuxKernel.packages.linux_5_15.nvidia_x11_vulkan_beta_open
346615616,linuxKernel.packages.linux_5_15.universal-pidff
346615695,linuxKernel.packages.linux_6_1.ax99100
346615697,linuxKernel.packages.linux_6_1.chipsec
346615713,linuxKernel.packages.linux_6_1.ena
346615749,linuxKernel.packages.linux_6_1.morse-driver
346615783,linuxKernel.packages.linux_6_1.pktgen
346615793,linuxKernel.packages.linux_6_1.rtl8188eus-aircrack
346615800,linuxKernel.packages.linux_6_1.rtl8188eus-aircrack
346615825,linuxKernel.packages.linux_6_1.rtl8821cu
346615826,linuxKernel.packages.linux_6_1.rtl8852bu
346615811,linuxKernel.packages.linux_6_1.rtl88x2bu
346615863,linuxKernel.packages.linux_6_1.universal-pidff
346615889,linuxKernel.packages.linux_6_12.acer-wmi-battery
346616005,linuxKernel.packages.linux_6_12.lttng-modules
346615981,linuxKernel.packages.linux_6_12.lttng-modules
346615977,linuxKernel.packages.linux_6_12.mbp2018-bridge-drv
346616012,linuxKernel.packages.linux_6_12.pktgen
346616020,linuxKernel.packages.linux_6_12.rtl8188eus-aircrack
346616044,linuxKernel.packages.linux_6_12.rtl8189es
346616110,linuxKernel.packages.linux_6_12.rtl8189fs
346616030,linuxKernel.packages.linux_6_12.rtl8723ds
346616039,linuxKernel.packages.linux_6_12.rtl8821cu
346616087,linuxKernel.packages.linux_6_12.rtl88xxau-aircrack
346616164,linuxKernel.packages.linux_6_18.ecapture
346616203,linuxKernel.packages.linux_6_18.lttng-modules
346616196,linuxKernel.packages.linux_6_18.mbp2018-bridge-drv
346616239,linuxKernel.packages.linux_6_18.pktgen
346616367,linuxKernel.packages.linux_6_6.chipsec
346616369,linuxKernel.packages.linux_6_6.ecapture
346616428,linuxKernel.packages.linux_6_6.lttng-modules
346616464,linuxKernel.packages.linux_6_6.lttng-modules
346616416,linuxKernel.packages.linux_6_6.mbp2018-bridge-drv
346616417,linuxKernel.packages.linux_6_6.mbp2018-bridge-drv
346616459,linuxKernel.packages.linux_6_6.pktgen
346616490,linuxKernel.packages.linux_6_6.rtl8812au
346616480,linuxKernel.packages.linux_6_6.rtl8814au
346616483,linuxKernel.packages.linux_6_6.rtl8821au
346616484,linuxKernel.packages.linux_6_6.rtl8821cu
346616485,linuxKernel.packages.linux_6_6.rtl8821cu
346616486,linuxKernel.packages.linux_6_6.rtl8852au
346616487,linuxKernel.packages.linux_6_6.rtl8852bu
346616526,linuxKernel.packages.linux_6_6.rtl88x2bu
346616528,linuxKernel.packages.linux_6_6.rtl88x2bu
346616536,linuxKernel.packages.linux_6_6.rtl88xxau-aircrack
346616572,linuxKernel.packages.linux_6_6.rtl88xxau-aircrack
346616529,linuxKernel.packages.linux_6_6.tbs
346616531,linuxKernel.packages.linux_6_6.tbs
346616613,linuxKernel.packages.linux_7_2.gasket
346616614,linuxKernel.packages.linux_7_2.gasket
346616643,linuxKernel.packages.linux_7_2.lkrg
346616652,linuxKernel.packages.linux_7_2.lttng-modules
346616649,linuxKernel.packages.linux_7_2.mbp2018-bridge-drv
346616647,linuxKernel.packages.linux_7_2.mbp2018-bridge-drv
346616664,linuxKernel.packages.linux_7_2.nvidia_x11_beta_open
346616720,linuxKernel.packages.linux_7_2.rtl8189es
346616722,linuxKernel.packages.linux_7_2.rtl8189es
346616780,linuxKernel.packages.linux_7_2.rtl8821cu
346616854,linuxKernel.packages.linux_xanmod.pktgen
346616928,linuxKernel.packages.linux_xanmod_latest.ajantv2
346616980,linuxKernel.packages.linux_xanmod_latest.lkrg
346617021,linuxKernel.packages.linux_xanmod_latest.mbp2018-bridge-drv
346616986,linuxKernel.packages.linux_xanmod_latest.nvidia_x11_beta_open
346617238,linuxKernel.packages.linux_zen.mbp2018-bridge-drv
346617274,linuxKernel.packages.linux_zen.nvidia_x11_beta_open
346617289,linuxKernel.packages.linux_zen.rtl8189fs
346617276,linuxKernel.packages.linux_zen.rtl8821cu
346617305,linuxKernel.packages.linux_zen.vmm_clock
346617349,linuxPackages.chipsec
346617400,linuxPackages.lttng-modules
346617405,linuxPackages.lttng-modules
346617404,linuxPackages.mbp2018-bridge-drv
346617411,linuxPackages.mbp2018-bridge-drv
346617415,linuxPackages.msi-ec
346617477,linuxPackages.shufflecake
346617480,linuxPackages.shufflecake
346617493,linuxPackages.tsme-test
346617513,linuxPackages.vmm_clock
346617584,linuxPackages_latest.facetimehd
346617592,linuxPackages_latest.gasket
346617621,linuxPackages_latest.lkrg
346617624,linuxPackages_latest.mbp2018-bridge-drv
346617648,linuxPackages_latest.nvidia_x11_vulkan_beta_open
346617686,linuxPackages_latest.rtl88x2bu
346617690,linuxPackages_latest.shufflecake
346617695,linuxPackages_latest.shufflecake
346617710,linuxPackages_latest.tp_smapi
346617715,linuxPackages_latest.tsme-test
346617714,linuxPackages_latest.tsme-test
346617733,linuxPackages_latest.vmm_clock
346617770,linuxPackages_xanmod.chipsec
346617839,linuxPackages_xanmod.pktgen
346617946,linuxPackages_xanmod_latest.lttng-modules
346617948,linuxPackages_xanmod_latest.mbp2018-bridge-drv
346617957,linuxPackages_xanmod_latest.nvidia_x11_beta_open
346617966,linuxPackages_xanmod_latest.pktgen
346617979,linuxPackages_xanmod_latest.rtl8189es
346617981,linuxPackages_xanmod_latest.rtl8821cu
346618085,linuxPackages_xanmod_stable.lttng-modules
346618086,linuxPackages_xanmod_stable.mbp2018-bridge-drv
346618094,linuxPackages_xanmod_stable.nvidia_x11_beta_open
346618103,linuxPackages_xanmod_stable.pktgen
