name,x86_64-linux,aarch64-linux,x86_64-darwin,aarch64-darwin
ac-library,,,,347082755
actual-server,,,,347082995
aerogramme,347083052,347083051,,
akkoma-admin-fe,347083345,347083343,,
amnezia-vpn-bin,347084628,,,
android-mic,,347084711,,
apacheHttpdPackages.mod_tile,347085253,347085256,,
apacheHttpdPackages_2_4.mod_tile,347085254,347085257,,
apt-cacher-ng,347085382,347085381,,
arc-theme,347085437,347085439,,
archivemount,,,,347085466
ath9k-htc-blobless-firmware,,347086362,,
atinout,347086386,347086372,,
atmos,,,,347790467
atopile,347086707,347086442,,
avro-cpp,347086789,347086787,,
aws-encryption-sdk-cli,347086879,347086878,,347086877
ax25-tools,347086965,347086964,,
ayatana-indicator-datetime,,347087002,,
ayatana-indicator-power,,347086984,,
azahar,,,,347790482
azure-cli-extensions.acrcssc,347087033,347087029,,347087028
azure-cli-extensions.aksarc,347087062,347087158,,347087057
azure-cli-extensions.alias,347087064,347087061,,347087058
azure-cli-extensions.aosm,347087075,347087069,,347087068
azure-cli-extensions.arcappliance,347087087,347087081,,347087440
azure-cli-extensions.arcdata,347087083,347087102,,347087082
azure-cli-extensions.attestation,347087096,347087097,,347087095
azure-cli-extensions.cloud-service,347087154,347087155,,347087260
azure-cli-extensions.connectedk8s,347087212,347087419,,347087223
azure-cli-extensions.containerapp,347087204,347087178,,347087180
azure-cli-extensions.k8s-configuration,347087362,347087361,,347087360
azure-cli-extensions.k8s-extension,347087363,347087492,,347087370
azure-cli-extensions.redisenterprise,347087497,347087495,,347087496
azure-cli-extensions.serial-console,347087526,347087525,,347087531
azure-cli-extensions.stack-hci-vm,347087545,347087543,,347087539
azure-cli-extensions.webpubsub,347087615,347087613,,347087611
azure-sdk-for-cpp.core-amqp,347087636,347087637,,
azure-sdk-for-cpp.security-attestation,347087670,347087669,,
badness,,347087809,,
barman,,,,347087922
barracuda,347087923,,,
beadwork,,347088201,,
beanhub-cli,347088747,347088748,,347088693
beanstalkd,,,,347088699
bender,347088797,347088792,,
bibletime,347088932,347088934,,
biglybt,,,,347088978
bngblaster,,347089465,,
bochs,,,,347089490
boulder,,,,347089723
breakpad,347089834,347089833,,
brial,347089859,347089858,,
brlcad,347089935,347089919,,
bugdom,,,,347090146
buildstream,,347090279,,
bumblebee-status,347090346,347090345,,
cadabra2,,347090568,,
caffe,347090613,347090614,,347090612
calls,347090743,,,
canaille,,347091237,,
canokey-usbip,347090773,347090772,,
casacore,347091329,347091323,,347091325
cataclysm-dda-git,347091380,347091378,,
cataclysm-dda,347091375,347091377,,
cbmbasic,,,,347091521
cbmc,347091529,347091527,,
cdogs-sdl,347091709,347091700,,
ceph-client,347092023,,,
ceph-dev,347092022,,,
ceph,347092024,,,
cernlib,347091784,347091783,,
chatty,347092060,347092195,,
chickenPackages_5.chickenEggs.fusion-arrays,,,,347092665
chickenPackages_5.chickenEggs.hypergiant,,,,347092809
chickenPackages_5.chickenEggs.libyaml,,347092892,,347092895
chipsec,347094859,347094857,,347094855
ciphey,,347790600,,
clickhouse-lts,347095320,347095321,,
clickhouse,347095307,347095308,,
clightning,347095338,347095339,,
clipboard-jh,347095357,347095355,,
clipcat,,,,347095359
cocom-tool-set,,,,347095848
collabora-desktop,347793907,347793901,,
contour,347096450,347096444,,347096442
coredns,,,,347096956
corrscope,,,,347097026
cosmopolitan,347097136,,,
credsweeper,,347790643,,
csol,,,,347097672
cups-dymo,,,,347097865
cxxtools,347098020,347098018,,
daikhan,,347098133,,
dart_frog_cli,347098241,347098246,,
dartsim,347098230,347098227,,
dasher,,,,347098325
dbqn-native,347098474,,,
dgop,,,,347099016
digibyte,347099231,347099232,,
diod,347099281,347099280,,
directfb,347099313,347099311,,
discordchatexporter-desktop,,,,347099369
distant,,347099432,,
dleyna,,,,347099540
dmrconfig,347099595,347099594,,
dnslink-std-go,,,,347099672
dovecot_pigeonhole,,,,347100575
dovecot_pigeonhole_2_4,,,,347100583
dt-schema,347100861,347100867,,
dyndnsc,347101195,347101183,,347101180
e57inspector,347101198,347101197,,
ecapture,347101326,347101317,,
eggnog-mapper,,,,347101588
ela-widget-tools,,,,347101674
electrum,,,,347101739
elmPackages.elm-doc-preview,347101886,347101847,,347101840
elmPackages.elm-graphql,347101893,347101896,,347101845
elmPackages.elm-wrap,,,,347101880
elpa,347790719,347790731,,
emborg,347101992,347101987,,347101991
emiluaPlugins.qt6,347790741,347790725,,
emmy-lua-code-style,,,,347102031
empserver,,347102067,,
empty-epsilon,347102085,347102090,,
enca,,347102111,,
enroot,347102193,347102192,,
equalx,,,,347102343
ergoscf,347102378,347102377,,
ete-unwrapped,,347102497,,347102498
eternal-terminal,347102504,347102503,,
etterna,347102537,347102536,,
exatorrent,,,,347102651
excalidraw_export,347102655,347102654,,
exfat,,,,347102682
factplusplus,347102933,347102932,,
fancy-cat,,,,347102997
fastdds,,347103103,,
fbv,,,,347103242
fcron,,,,347103342
feather,347103380,347103378,,
fedimint,347103386,347103385,,
ferrishot,,,,347103480
ffmpeg-livepeer,,,,347103559
filen-desktop,347103750,347103782,,
fittrackee,347104407,,,
flame,,,,347104140
flet-client-flutter,,,,347104433
flex-launcher,,,,347104276
flexget,,,,347790773
flightcore,,,,347104295
fluux-messenger,,347104510,,
ford,,,,347104841
fortitude,,,,347104894
foundationdb,347104936,347104932,,
foxotron,347104957,347104959,,
freebsd.makeMinimal,,,,347105127
freebsd.mtree,347105132,347105131,,
freebsd.xf86-video-scfb,347105145,347105144,,347105161
freepv,,,,347105200
freeswitch,347105229,347105230,,
fsnav,347105403,347105401,,
fsuae,347105426,,,
fwup,347105610,347105571,,347105569
g15daemon,,,,347105616
g2o,347105628,347105632,,
gawkextlib.select,,,,347105932
gccNGPackages.gcc-unwrapped,,,,347106014
gccNGPackages_15.gcc-unwrapped,,,,347106083
gccNGPackages_16.gcc-unwrapped,,,,347106156
gdbuspp,347106323,347106324,,
gdcm,347106366,347106367,,347106362
gerbera,347106596,347106587,,
gfal2,347106699,347106690,,
ghidra-extensions.gnudisassembler,347106925,347106923,,
gimme-aws-creds,347107079,347107076,,347107074
git-annex,347107168,347107396,,347107327
gitbeaker-cli,,347107589,,
gittype,347107795,,,
glances,,347459530,,
globus-cli,347107979,347107978,,347107976
gnat16Packages.gpr2,347108280,347108279,,
gnatPackages.gpr2,347108327,347108329,,
gnudatalanguage,,347790806,,
goawk,,347112059,,
golly,347112501,347112492,,
goobook,347112543,347112545,,347112539
google-amber,347112566,347112567,,
goshs,,,,347112845
goxel,347112878,347112877,,
goxlr-utility,,,,347112881
gqrx-portaudio,,,,347113079
gqrx,,,,347113070
graalvmPackages.graalvm-ce-musl,347113078,,,
grafx2,,,,347113264
grantlee,347113296,347113290,,
grass,347113400,347113511,,
greenbone-feed-sync,,,,347113451
groestlcoin,347113552,347113548,,347113551
groestlcoind,347113556,347113558,,347113553
gummy,347114096,347114095,,
halfempty,,,,347114326
handlr-regex,347114379,347114378,,
handlr,347114377,347114376,,347114375
hashcash,,,,347114475
haskell.compiler.ghc94,347114533,347114532,,
haskell.compiler.ghc948,347114537,347114536,,
haskell.compiler.native-bignum.ghc94,347114598,347114591,,
haskell.compiler.native-bignum.ghc948,347114601,347114597,,
haskellPackages.AppleScript,,,,347114676
haskellPackages.GOST34112012-Hash,,347114948,,347114947
haskellPackages.HsHTSLib,,,,347115105
haskellPackages.aoc,,,,347117157
haskellPackages.binaryen,347117881,347117879,,
haskellPackages.botan-low,,347118217,,
haskellPackages.bytestring-encoding,,,,347118429
haskellPackages.copilot-c99,,,,347119597
haskellPackages.cpython,,347119711,,
haskellPackages.diagrams-pandoc,,347120530,,
haskellPackages.epub-metadata,,,,347121281
haskellPackages.error-codes,,,,347121306
haskellPackages.eventlog-live-otelcol,347121427,347121410,,347121462
haskellPackages.executable-hash,,,,347121450
haskellPackages.exinst-base,,,,347121454
haskellPackages.freetype2,,347122023,,347122022
haskellPackages.genvalidity-dirforest,,,,347122418
haskellPackages.gi-gdkx113,,,,347123061
haskellPackages.gi-gdkx114,,,,347122754
haskellPackages.gi-gst,347122783,347122781,,347122782
haskellPackages.gi-gtkosxapplication,,,,347122806
haskellPackages.gi-soup3,,,,347122886
haskellPackages.git-annex,347122963,347122916,,347123015
haskellPackages.gtk-mac-integration,,,,347123781
haskellPackages.gtk-traymanager,,,,347123785
haskellPackages.gtk3-mac-integration,,,,347123797
haskellPackages.hamid,,,,347123947
haskellPackages.hcwiid,347124283,347124281,,
haskellPackages.heftia-effects,,,,347124363
haskellPackages.heph-aligned-storable,,,,347124389
haskellPackages.highlight,,,,347124545
haskellPackages.hlibgit2,,347124635,,
haskellPackages.huckleberry,,,,347125536
haskellPackages.hunspell-hs,,,,347125555
haskellPackages.hw-ip,347125599,347125582,,347125591
haskellPackages.hw-json-simd,,347125585,,347125588
haskellPackages.hw-streams,347125609,347125614,,347125616
haskellPackages.ihp-ide,347125844,347125843,,347125840
haskellPackages.implicit,,,,347125871
haskellPackages.kqueue,,,,347126619
haskellPackages.libtorch-ffi,,,,347127057
haskellPackages.llvm-tf,,,,347127270
haskellPackages.memcache,,,,347127739
haskellPackages.memzero,,,,347127770
haskellPackages.minici,,,,347127933
haskellPackages.miso-examples,347127990,347127988,,
haskellPackages.monad-bayes,347128123,,,
haskellPackages.network-can,,,,347128733
haskellPackages.nix-serve-ng,,347131212,,347794057
haskellPackages.om-socket,,,,347129260
haskellPackages.om-time,,,,347129204
haskellPackages.pdftotext,347129867,347129863,,347129845
haskellPackages.perceptual-hash,,,,347129880
haskellPackages.persistent-pagination,,,,347129903
haskellPackages.ping-wrapper,,,,347130009
haskellPackages.pipes-zlib,,,,347130100
haskellPackages.posix-socket,,,,347130315
haskellPackages.posix-timer,,,,347130316
haskellPackages.posix-waitpid,,,,347130320
haskellPackages.pthread,,,,347130834
haskellPackages.rawfilepath,,,,347131215
haskellPackages.rdtsc-enolan,,347131231,,347131232
haskellPackages.rdtsc,,347131234,,347131229
haskellPackages.sdl2-cairo,,,,347132144
haskellPackages.sdl2-mixer,347133127,347132157,,
haskellPackages.select,,,,347132181
haskellPackages.sha256,,,,347132520
haskellPackages.simdutf,,347132705,,
haskellPackages.socket,,,,347133045
haskellPackages.store,,,,347133512
haskellPackages.system-linux-proc,,,,347133949
haskellPackages.tailfile-hinotify,,,,347134037
haskellPackages.termbox-bindings-c,,,,347134293
haskellPackages.timeout-snooze,,,,347134778
haskellPackages.token-limiter-concurrent,,347134881,,
haskellPackages.trexio-hs,,,,347135046
haskellPackages.vulkan-utils,347136002,,,
haskellPackages.wai-token-bucket-ratelimiter,,347136139,,
haskellPackages.xgboost-haskell,347136546,,,
haskellPackages.xls,,,,347136563
haskellPackages.xmonad-utils,,,,347136637
haskellPackages.zlib-bytes,,,,347137010
haskellPackages.zot,,,,347137031
herdr,347137433,347137431,,
hexagonrpc,,,,347137465
hgrep,,347137533,,
highlight-assertions,347137583,347137582,,
hime,347137631,347137629,,
home-assistant-custom-components.dreo,347137853,,,
home-assistant-custom-components.moonraker,347138246,347138162,,
home-assistant-custom-components.pirate-weather,347137926,347138244,,
htmlcxx,347138346,347138345,,
hyprlandPlugins.hyprgrass,347139548,347139582,,
hyprlandPlugins.hyprspace,347139596,347139564,,
hyprlandPlugins.hyprsplit,347139560,347139556,,
hyprlandPlugins.imgborders,347139587,347139555,,
icesprog,,,,347139837
icinga2,347139853,347139846,,
iconpack-jade,347139912,347139911,,
id3,,,,347139973
idrisPackages.eternal,,,,347140084
idrisPackages.mhd,,,,347140159
idrisPackages.pacman,,,,347140170
ieda,347790875,347790877,,
iio-oscilloscope,347140359,347140358,,
imageworsener,347140430,347140428,,
inochi-creator,347140836,347140830,,
intel-compute-runtime-legacy1,347140905,,,
intel-graphics-compiler,,347140910,,
intelli-shell,,,,347140920
intensity-normalization,347140938,347140928,,347140941
ioq3-scion,347141045,347141044,,
ios-webkit-debug-proxy,347141061,347141060,,
ipe,347141289,347141258,,
irods,347141273,347141272,,
irrd,347141425,347141441,,
jarl,,,,347141610
jaspr_cli,347141743,347141733,,
jasterix,,,,347141624
jbofihe,,,,347141775
jerryscript,347141910,,,
jetuml,,,,347141951
jj-pre-push,,,,347142095
jogger,347142115,347142117,,
jtdx,347142473,347142464,,
julia-stable,,347142505,,347142497
julia,,347142496,,347142482
julia_110,347142512,347142511,,347142528
julia_111,,,,347142524
julia_112-bin,347142519,347142518,,
julia_113,,347142522,,347142521
kdePackages.maplibre-native-qt,347143817,347143819,,
keeperrl,347144291,,,
ketch,,,,347144340
key,,,,347144468
kind2,347144564,347144563,,
kingfisher,347144570,347144569,,
kodiPackages.plex-for-kodi,,,,347144902
kopuz,,,,347145106
kord,347145116,347145114,,
ktx-tools,347145301,347145299,,
kubectl-kcl,347145395,347145394,,
kuro,,,,347145658
kuzu,347145638,347145635,,
kvmtool,347145646,,,
ladybugdb,347145733,347145732,,347145731
latte-integrale,347145878,347145867,,
lazarus-qt5,347145901,347145898,,
lazarus-qt6,347145900,347145899,,
lean,347146078,347146077,,
lean2,347146082,,,
lean3,347146085,347146084,,
ledfx,,,,347146195
lely-core,347146215,347146212,,
lemon-graph,347146237,347146238,,
leo-lang,,,,347146261
lerna_6,,347146304,,
lib45d,347146401,347146400,,
libcardiacarrest,,,,347146640
libceph,347148366,,,
libcue-lang,,,,347146806
libesmtp,,,,347147032
libexecinfo,,,,347147067
libigloo,,,,347147415
libixion,,,,347147511
libkiwix,,,,347147565
liblastfm-vambrose,,,,347147590
liblognorm,,,,347459645
libmspub,347147799,347147798,,
libnop,347147925,347147926,,347147923
libomxil-bellagio,347147999,347147996,,
libopenshot,347459651,347459649,,347459652
libopensmtpd,,,,347148019
libpisp,,,,347148138
libpkgmanifest,,,,347148146
libqxp,347148244,347148243,,
libr3,,,,347148251
libsForQt5.grantlee,347148667,347148666,,
libsForQt5.libcommuni,,,,347148680
libsForQt5.maplibre-native-qt,347148702,347148701,,
libsForQt5.qoauth,,,,347148736
libsForQt5.qtmpris,347148799,347148798,,347148797
libsecretspec,,,,347791189
libserdes,,,,347148966
libspf2,,,,347149069
libtapi,,347149137,,
libtas,347149141,,,
libtorrent-rasterbar-1_2_x,347149272,347149268,,
libui-ng,,,,347149283
libui,,,,347149286
libzdb,347149742,347149740,,
lice,347149766,347149763,,347149767
lidarr,,,,347149901
limo,347149931,347149929,,
linphonePackages.bc-ispell,347149995,347149992,,
linuxKernel.packages.linux_5_10.acer-wmi-battery,,347150113,,
linuxKernel.packages.linux_5_10.ax99100,,347150103,,
linuxKernel.packages.linux_5_10.can-isotp,347150159,347150146,,
linuxKernel.packages.linux_5_10.chipsec,347150201,,,
linuxKernel.packages.linux_5_10.ecapture,347150134,347150136,,
linuxKernel.packages.linux_5_10.it87,347150163,,,
linuxKernel.packages.linux_5_10.mbp2018-bridge-drv,347150181,347150180,,
linuxKernel.packages.linux_5_10.nvidia_x11_beta_open,347150198,347150197,,
linuxKernel.packages.linux_5_10.nvidia_x11_vulkan_beta_open,347150208,347150207,,
linuxKernel.packages.linux_5_10.pktgen,347150222,347150220,,
linuxKernel.packages.linux_5_10.rtl8188eus-aircrack,347150229,347150232,,
linuxKernel.packages.linux_5_10.tbs,,347150275,,
linuxKernel.packages.linux_5_10.tsme-test,,347150283,,
linuxKernel.packages.linux_5_10.tuxedo-drivers,347150289,,,
linuxKernel.packages.linux_5_10.universal-pidff,347150287,347150285,,
linuxKernel.packages.linux_5_10.virtualboxGuestAdditions,,347150308,,
linuxKernel.packages.linux_5_10.xpadneo,347150305,347150304,,
linuxKernel.packages.linux_5_15.acer-wmi-battery,,347150327,,
linuxKernel.packages.linux_5_15.amneziawg,347150344,347150319,,
linuxKernel.packages.linux_5_15.ax99100,,347150346,,
linuxKernel.packages.linux_5_15.can-isotp,347150426,347150414,,
linuxKernel.packages.linux_5_15.chipsec,347150437,,,
linuxKernel.packages.linux_5_15.ecapture,347150357,347150358,,
linuxKernel.packages.linux_5_15.ena,347150360,347150446,,
linuxKernel.packages.linux_5_15.lenovo-legion-module,347150394,,,
linuxKernel.packages.linux_5_15.mbp2018-bridge-drv,347150405,347150403,,
linuxKernel.packages.linux_5_15.nvidia_x11_beta_open,347150423,347150422,,
linuxKernel.packages.linux_5_15.nvidia_x11_vulkan_beta_open,347150433,347150558,,
linuxKernel.packages.linux_5_15.pktgen,347150460,347150453,,
linuxKernel.packages.linux_5_15.rtl8188eus-aircrack,347150461,347150458,,
linuxKernel.packages.linux_5_15.tbs,,347150507,,
linuxKernel.packages.linux_5_15.tsme-test,,347150506,,
linuxKernel.packages.linux_5_15.universal-pidff,347150516,347150513,,
linuxKernel.packages.linux_5_15.xpadneo,347150541,347150537,,
linuxKernel.packages.linux_6_1.acer-wmi-battery,,347150562,,
linuxKernel.packages.linux_6_1.ax99100,,347150583,,
linuxKernel.packages.linux_6_1.chipsec,347150603,,,
linuxKernel.packages.linux_6_1.ecapture,347150686,347150641,,
linuxKernel.packages.linux_6_1.ena,347150588,347150637,,
linuxKernel.packages.linux_6_1.lenovo-legion-module,347150634,,,
linuxKernel.packages.linux_6_1.lttng-modules,347150642,347150643,,
linuxKernel.packages.linux_6_1.mbp2018-bridge-drv,347150649,347150646,,
linuxKernel.packages.linux_6_1.morse-driver,347150650,347150651,,
linuxKernel.packages.linux_6_1.pktgen,347150707,347150694,,
linuxKernel.packages.linux_6_1.rtl8188eus-aircrack,347150704,347150693,,
linuxKernel.packages.linux_6_1.rtl8192eu,347150698,,,
linuxKernel.packages.linux_6_1.rtl8812au,347150703,347150706,,
linuxKernel.packages.linux_6_1.rtl8814au,347150709,347150712,,
linuxKernel.packages.linux_6_1.rtl8821au,347150714,347150710,,
linuxKernel.packages.linux_6_1.rtl8821cu,347150715,347150717,,
linuxKernel.packages.linux_6_1.rtl8852au,347150713,,,
linuxKernel.packages.linux_6_1.rtl8852bu,347150711,,,
linuxKernel.packages.linux_6_1.rtl88x2bu,347150719,347150718,,
linuxKernel.packages.linux_6_1.rtl88xxau-aircrack,347150720,347150716,,
linuxKernel.packages.linux_6_1.tbs,,347150740,,
linuxKernel.packages.linux_6_1.tsme-test,,347150748,,
linuxKernel.packages.linux_6_1.universal-pidff,,347150753,,
linuxKernel.packages.linux_6_12.acer-wmi-battery,,347150788,,
linuxKernel.packages.linux_6_12.chipsec,347150869,,,
linuxKernel.packages.linux_6_12.ecapture,347150826,347150817,,
linuxKernel.packages.linux_6_12.lttng-modules,347151014,347150862,,
linuxKernel.packages.linux_6_12.mbp2018-bridge-drv,347150867,347150865,,
linuxKernel.packages.linux_6_12.pktgen,347150924,347150901,,
linuxKernel.packages.linux_6_12.rtl8188eus-aircrack,347150918,347150917,,
linuxKernel.packages.linux_6_12.rtl8189es,347150925,347150919,,
linuxKernel.packages.linux_6_12.rtl8189fs,347150926,347150923,,
linuxKernel.packages.linux_6_12.rtl8192eu,347150927,,,
linuxKernel.packages.linux_6_12.rtl8723ds,347150929,347150928,,
linuxKernel.packages.linux_6_12.rtl8812au,347150933,347150934,,
linuxKernel.packages.linux_6_12.rtl8814au,347150932,347150930,,
linuxKernel.packages.linux_6_12.rtl8821cu,347150938,347150931,,
linuxKernel.packages.linux_6_12.rtl8852au,347150941,,,
linuxKernel.packages.linux_6_12.rtl88xxau-aircrack,347150942,347150946,,
linuxKernel.packages.linux_6_12.tbs,,347150972,,
linuxKernel.packages.linux_6_12.tsme-test,,347150968,,
linuxKernel.packages.linux_6_18.acer-wmi-battery,,347151023,,
linuxKernel.packages.linux_6_18.chipsec,347151031,,,
linuxKernel.packages.linux_6_18.ecapture,347151069,347151048,,
linuxKernel.packages.linux_6_18.lttng-modules,347151087,347151088,,
linuxKernel.packages.linux_6_18.mbp2018-bridge-drv,347151090,347151089,,
linuxKernel.packages.linux_6_18.msi-ec,,347151096,,
linuxKernel.packages.linux_6_18.pktgen,347151129,347151130,,
linuxKernel.packages.linux_6_18.shufflecake,347151159,347151158,,
linuxKernel.packages.linux_6_18.tsme-test,,347151174,,
linuxKernel.packages.linux_6_18.vmm_clock,347151201,,,
linuxKernel.packages.linux_6_6.acer-wmi-battery,,347151228,,
linuxKernel.packages.linux_6_6.ax99100,,347151233,,
linuxKernel.packages.linux_6_6.chipsec,347151243,,,
linuxKernel.packages.linux_6_6.ecapture,347151263,347151270,,
linuxKernel.packages.linux_6_6.lttng-modules,347151307,347151306,,
linuxKernel.packages.linux_6_6.mbp2018-bridge-drv,347151310,347151308,,
linuxKernel.packages.linux_6_6.pktgen,347151353,347151355,,
linuxKernel.packages.linux_6_6.rtl8188eus-aircrack,347151365,347151364,,
linuxKernel.packages.linux_6_6.rtl8192eu,347151367,,,
linuxKernel.packages.linux_6_6.rtl8812au,347151373,347151371,,
linuxKernel.packages.linux_6_6.rtl8814au,347151375,347151374,,
linuxKernel.packages.linux_6_6.rtl8821au,347151379,347151376,,
linuxKernel.packages.linux_6_6.rtl8821cu,347151378,347151377,,
linuxKernel.packages.linux_6_6.rtl8852au,347151382,,,
linuxKernel.packages.linux_6_6.rtl8852bu,347151380,,,
linuxKernel.packages.linux_6_6.rtl88x2bu,347151385,347151381,,
linuxKernel.packages.linux_6_6.rtl88xxau-aircrack,347151384,347151383,,
linuxKernel.packages.linux_6_6.tbs,347151406,347151403,,
linuxKernel.packages.linux_6_6.tsme-test,,347151410,,
linuxKernel.packages.linux_6_6.universal-pidff,,347151415,,
linuxKernel.packages.linux_6_6.xone,347151435,347151436,,
linuxKernel.packages.linux_7_2.acer-wmi-battery,,347151461,,
linuxKernel.packages.linux_7_2.ajantv2,347151472,347151466,,
linuxKernel.packages.linux_7_2.chipsec,347151478,,,
linuxKernel.packages.linux_7_2.corefreq,,347151477,,
linuxKernel.packages.linux_7_2.ecapture,347151494,347151560,,
linuxKernel.packages.linux_7_2.facetimehd,347151500,,,
linuxKernel.packages.linux_7_2.gasket,347151509,347151507,,
linuxKernel.packages.linux_7_2.lkrg,347151537,347151536,,
linuxKernel.packages.linux_7_2.lttng-modules,347151539,347151538,,
linuxKernel.packages.linux_7_2.mbp2018-bridge-drv,347151540,347151541,,
linuxKernel.packages.linux_7_2.msi-ec,,347151546,,
linuxKernel.packages.linux_7_2.nvidia_x11_beta_open,347151556,347151557,,
linuxKernel.packages.linux_7_2.nvidia_x11_vulkan_beta_open,347151566,347151564,,
linuxKernel.packages.linux_7_2.pktgen,347151587,347151581,,
linuxKernel.packages.linux_7_2.rtl8189es,347151595,347151593,,
linuxKernel.packages.linux_7_2.rtl8189fs,347151596,347151594,,
linuxKernel.packages.linux_7_2.rtl8821cu,347151599,347151598,,
linuxKernel.packages.linux_7_2.rtl88x2bu,347151600,347151653,,
linuxKernel.packages.linux_7_2.shufflecake,347151608,347151607,,
linuxKernel.packages.linux_7_2.tp_smapi,347151620,,,
linuxKernel.packages.linux_7_2.tsme-test,347151625,347151623,,
linuxKernel.packages.linux_7_2.vmm_clock,347151811,,,
linuxKernel.packages.linux_xanmod.chipsec,347151725,,,
linuxKernel.packages.linux_xanmod.ecapture,347151691,,,
linuxKernel.packages.linux_xanmod.lttng-modules,347151719,,,
linuxKernel.packages.linux_xanmod.mbp2018-bridge-drv,347151720,,,
linuxKernel.packages.linux_xanmod.pktgen,347151746,347151743,,
linuxKernel.packages.linux_xanmod.shufflecake,347151761,,,
linuxKernel.packages.linux_xanmod.vmm_clock,347151790,,,
linuxKernel.packages.linux_xanmod_latest.ajantv2,347151823,,,
linuxKernel.packages.linux_xanmod_latest.chipsec,347151819,,,
linuxKernel.packages.linux_xanmod_latest.ecapture,347151828,,,
linuxKernel.packages.linux_xanmod_latest.facetimehd,347151831,,,
linuxKernel.packages.linux_xanmod_latest.gasket,347151835,,,
linuxKernel.packages.linux_xanmod_latest.lkrg,347151856,,,
linuxKernel.packages.linux_xanmod_latest.lttng-modules,347151857,,,
linuxKernel.packages.linux_xanmod_latest.mbp2018-bridge-drv,347151859,,,
linuxKernel.packages.linux_xanmod_latest.nvidia_x11_beta_open,347151869,,,
linuxKernel.packages.linux_xanmod_latest.nvidia_x11_vulkan_beta_open,347151875,,,
linuxKernel.packages.linux_xanmod_latest.pktgen,347151883,347151882,,
linuxKernel.packages.linux_xanmod_latest.rtl8189es,347151892,,,
linuxKernel.packages.linux_xanmod_latest.rtl8189fs,347151893,,,
linuxKernel.packages.linux_xanmod_latest.rtl8821cu,347151895,,,
linuxKernel.packages.linux_xanmod_latest.rtl88x2bu,347151896,,,
linuxKernel.packages.linux_xanmod_latest.shufflecake,347151899,,,
linuxKernel.packages.linux_xanmod_latest.tp_smapi,347151909,,,
linuxKernel.packages.linux_xanmod_latest.tsme-test,347151912,,,
linuxKernel.packages.linux_xanmod_latest.vmm_clock,347151926,,,
linuxKernel.packages.linux_xanmod_stable.ajantv2,347152013,,,
linuxKernel.packages.linux_xanmod_stable.chipsec,347151953,,,
linuxKernel.packages.linux_xanmod_stable.ecapture,347151965,,,
linuxKernel.packages.linux_xanmod_stable.facetimehd,347151968,,,
linuxKernel.packages.linux_xanmod_stable.gasket,347151971,,,
linuxKernel.packages.linux_xanmod_stable.lkrg,347151992,,,
linuxKernel.packages.linux_xanmod_stable.lttng-modules,347151994,,,
linuxKernel.packages.linux_xanmod_stable.mbp2018-bridge-drv,347151995,,,
linuxKernel.packages.linux_xanmod_stable.nvidia_x11_beta_open,347152006,,,
linuxKernel.packages.linux_xanmod_stable.nvidia_x11_vulkan_beta_open,347152010,,,
linuxKernel.packages.linux_xanmod_stable.pktgen,347152027,347152019,,
linuxKernel.packages.linux_xanmod_stable.rtl8189es,347152030,,,
linuxKernel.packages.linux_xanmod_stable.rtl8189fs,347152031,,,
linuxKernel.packages.linux_xanmod_stable.rtl8821cu,347152032,,,
linuxKernel.packages.linux_xanmod_stable.rtl88x2bu,347152033,,,
linuxKernel.packages.linux_xanmod_stable.shufflecake,347152039,,,
linuxKernel.packages.linux_xanmod_stable.tp_smapi,347152047,,,
linuxKernel.packages.linux_xanmod_stable.tsme-test,347152052,,,
linuxKernel.packages.linux_xanmod_stable.vmm_clock,347152064,,,
linuxKernel.packages.linux_zen.ajantv2,347152099,,,
linuxKernel.packages.linux_zen.chipsec,347152149,,,
linuxKernel.packages.linux_zen.ecapture,347152101,,,
linuxKernel.packages.linux_zen.facetimehd,347152104,,,
linuxKernel.packages.linux_zen.gasket,347152107,,,
linuxKernel.packages.linux_zen.lkrg,347152130,,,
linuxKernel.packages.linux_zen.lttng-modules,347152131,,,
linuxKernel.packages.linux_zen.mbp2018-bridge-drv,347152134,,,
linuxKernel.packages.linux_zen.nvidia_x11_beta_open,347152143,,,
linuxKernel.packages.linux_zen.nvidia_x11_vulkan_beta_open,347152146,,,
linuxKernel.packages.linux_zen.pktgen,347152159,347152157,,
linuxKernel.packages.linux_zen.rtl8189es,347152164,,,
linuxKernel.packages.linux_zen.rtl8189fs,347152166,,,
linuxKernel.packages.linux_zen.rtl8821cu,347152167,,,
linuxKernel.packages.linux_zen.rtl88x2bu,347152168,,,
linuxKernel.packages.linux_zen.shufflecake,347152174,,,
linuxKernel.packages.linux_zen.tp_smapi,347152182,,,
linuxKernel.packages.linux_zen.tsme-test,347152184,,,
linuxKernel.packages.linux_zen.vmm_clock,347152197,,,
linuxPackages.acer-wmi-battery,,347152208,,
linuxPackages.chipsec,347152240,,,
linuxPackages.ecapture,347152325,347152298,,
linuxPackages.lttng-modules,347152296,347152295,,
linuxPackages.mbp2018-bridge-drv,347152303,347152297,,
linuxPackages.msi-ec,,347152306,,
linuxPackages.pktgen,347152356,347152344,,
linuxPackages.shufflecake,347152370,347152372,,
linuxPackages.tsme-test,,347152386,,
linuxPackages.vmm_clock,347152409,,,
linuxPackages_latest.acer-wmi-battery,,347152427,,
linuxPackages_latest.ajantv2,347152431,347152433,,
linuxPackages_latest.chipsec,347152463,,,
linuxPackages_latest.corefreq,,347152456,,
linuxPackages_latest.ecapture,347152475,347152502,,
linuxPackages_latest.facetimehd,347152477,,,
linuxPackages_latest.gasket,347152490,347152486,,
linuxPackages_latest.lkrg,347152511,347152513,,
linuxPackages_latest.lttng-modules,347152521,347152518,,
linuxPackages_latest.mbp2018-bridge-drv,347152524,347152526,,
linuxPackages_latest.msi-ec,,347152528,,
linuxPackages_latest.nvidia_x11_beta_open,347152536,347152537,,
linuxPackages_latest.nvidia_x11_vulkan_beta_open,347152550,347152543,,
linuxPackages_latest.pktgen,347152555,347152553,,
linuxPackages_latest.rtl8189es,347152571,347152568,,
linuxPackages_latest.rtl8189fs,347152573,347152575,,
linuxPackages_latest.rtl8821cu,347152576,347152574,,
linuxPackages_latest.rtl88x2bu,347152578,347152577,,
linuxPackages_latest.shufflecake,347152583,347152581,,
linuxPackages_latest.tp_smapi,347152600,,,
linuxPackages_latest.tsme-test,347152606,347152603,,
linuxPackages_latest.vmm_clock,347152626,,,
linuxPackages_xanmod.chipsec,347152668,,,
linuxPackages_xanmod.ecapture,347152673,,,
linuxPackages_xanmod.lttng-modules,347152704,,,
linuxPackages_xanmod.mbp2018-bridge-drv,347152703,,,
linuxPackages_xanmod.pktgen,347152734,347152722,,
linuxPackages_xanmod.shufflecake,347152738,,,
linuxPackages_xanmod.vmm_clock,347152774,,,
linuxPackages_xanmod_latest.ajantv2,347152783,,,
linuxPackages_xanmod_latest.chipsec,347152804,,,
linuxPackages_xanmod_latest.ecapture,347152841,,,
linuxPackages_xanmod_latest.facetimehd,347152817,,,
linuxPackages_xanmod_latest.gasket,347152818,,,
linuxPackages_xanmod_latest.lkrg,347152838,,,
linuxPackages_xanmod_latest.lttng-modules,347152844,,,
linuxPackages_xanmod_latest.mbp2018-bridge-drv,347152843,,,
linuxPackages_xanmod_latest.nvidia_x11_beta_open,347152851,,,
linuxPackages_xanmod_latest.nvidia_x11_vulkan_beta_open,347152856,,,
linuxPackages_xanmod_latest.pktgen,347152860,347152866,,
linuxPackages_xanmod_latest.rtl8189es,347152870,,,
linuxPackages_xanmod_latest.rtl8189fs,347152874,,,
linuxPackages_xanmod_latest.rtl8821cu,347152875,,,
linuxPackages_xanmod_latest.rtl88x2bu,347152877,,,
linuxPackages_xanmod_latest.shufflecake,347152879,,,
linuxPackages_xanmod_latest.tp_smapi,347152893,,,
linuxPackages_xanmod_latest.tsme-test,347152892,,,
linuxPackages_xanmod_latest.vmm_clock,347152909,,,
linuxPackages_xanmod_stable.ajantv2,347152920,,,
linuxPackages_xanmod_stable.chipsec,347152936,,,
linuxPackages_xanmod_stable.ecapture,347152945,,,
linuxPackages_xanmod_stable.facetimehd,347152949,,,
linuxPackages_xanmod_stable.gasket,347152956,,,
linuxPackages_xanmod_stable.lkrg,347152975,,,
linuxPackages_xanmod_stable.lttng-modules,347152980,,,
linuxPackages_xanmod_stable.mbp2018-bridge-drv,347152978,,,
linuxPackages_xanmod_stable.nvidia_x11_beta_open,347152987,,,
linuxPackages_xanmod_stable.nvidia_x11_vulkan_beta_open,347152992,,,
linuxPackages_xanmod_stable.pktgen,347153005,347152994,,
linuxPackages_xanmod_stable.rtl8189es,347153009,,,
linuxPackages_xanmod_stable.rtl8189fs,347153010,,,
linuxPackages_xanmod_stable.rtl8821cu,347153011,,,
linuxPackages_xanmod_stable.rtl88x2bu,347153012,,,
linuxPackages_xanmod_stable.shufflecake,347153019,,,
linuxPackages_xanmod_stable.tp_smapi,347153028,,,
linuxPackages_xanmod_stable.tsme-test,347153030,,,
linuxPackages_xanmod_stable.vmm_clock,347153043,,,
linuxPackages_zen.ajantv2,347153054,,,
linuxPackages_zen.chipsec,347153069,,,
linuxPackages_zen.ecapture,347153090,,,
linuxPackages_zen.facetimehd,347153086,,,
linuxPackages_zen.gasket,347153091,,,
linuxPackages_zen.lkrg,347153108,,,
linuxPackages_zen.lttng-modules,347153111,,,
linuxPackages_zen.mbp2018-bridge-drv,347153116,,,
linuxPackages_zen.nvidia_x11_beta_open,347153122,,,
linuxPackages_zen.nvidia_x11_vulkan_beta_open,347153130,,,
linuxPackages_zen.pktgen,347153133,347153132,,
linuxPackages_zen.rtl8189es,347153144,,,
linuxPackages_zen.rtl8189fs,347153146,,,
linuxPackages_zen.rtl8821cu,347153149,,,
linuxPackages_zen.rtl88x2bu,347153147,,,
linuxPackages_zen.shufflecake,347153154,,,
linuxPackages_zen.tp_smapi,347153165,,,
linuxPackages_zen.tsme-test,347153173,,,
linuxPackages_zen.vmm_clock,347153178,,,
linuxkit,,,,347153209
live555,,,,347153324
lixPackageSets.git.nix-serve-ng,,347153395,,347794134
lixPackageSets.latest.nix-serve-ng,,347153479,,347794144
lixPackageSets.lix_2_94.nix-serve-ng,,347153500,,347794158
lixPackageSets.lix_2_95.nix-serve-ng,,347153554,,347794170
lixPackageSets.stable.nix-serve-ng,,347153612,,347794186
lixStatic,347154420,347154287,,
llvmPackages.libc-overlay,347153813,347153808,,
llvmPackages.libc,347153804,347153801,,
llvmPackages_18.compiler-rt-libc,,,,347153915
llvmPackages_18.compiler-rt,,,,347153908
llvmPackages_20.libc-overlay,347154161,347154162,,
llvmPackages_20.libc,347154157,347154155,,
llvmPackages_21.libc-overlay,347154289,347154290,,
llvmPackages_21.libc,347154285,347154283,,
llvmPackages_22.compiler-rt-no-libc,,347154398,,
llvmPackages_23.clang-manpages,347154490,347154488,,347154489
llvmPackages_23.compiler-rt-no-libc,,347154533,,
llvmPackages_23.lldb-manpages,347154584,347154575,,347154583
llvmPackages_23.lldb,,,,347154574
llvmPackages_23.llvm-manpages,347154590,347154585,,347154587
llvmPackages_23.openmp,347154591,347154592,,347154596
lomiri.lomiri-history-service,347154909,347154907,,
losslesscut,,,,347155049
loudmouth,,,,347155062
louvre,347155073,347155343,,
ltrace,347155220,347155218,,
lttoolbox,,,,347155230
mac-fdisk,347159471,,,
maiko,,,,347159600
mallard-ducktype,347159722,347159721,,347159720
martin,347160121,,,
mathemagix,347160273,347160272,,
mathmod,347160290,347160289,,
matrix-tuwunel,,,,347160363
mattermost-desktop,,347160382,,
mayo,,,,347160454
mbuffer,,,,347160520
med,347160834,347160845,,
mediasynclite,,,,347160861
meerk40t,347160904,347160899,,347160891
memray,,347160982,,
memtree,347160992,347160991,,
merkaartor,347161061,347161059,,
meshcentral,,347161117,,
metapixel,,,,347161161
mev-boost,,347161202,,
micronucleus,,,,347161288
micropython,347161297,347161295,,347161294
migrate,347161333,347161332,,
mimic,347161374,347161373,,
minitube,347794238,347794241,,
mlton20130715,347161887,,,
mlton20210117,,,,347161888
mobsql,,,,347162016
mono_repo,347162202,347162203,,
moonfire-nvr,,,,347162246
mopidy-spotify,347162329,347162327,,347162325
mopidyPackages.mopidy-spotify,347162388,347162390,,347162386
motoc,,,,347162482
mouseless,,347162509,,
mp3fs,,,,347162572
mpich-pmix,,,,347791319
mpich,,,,347791314
mplayer,,,,347162669
mrustc-bootstrap,347162962,,,
mspds,347163034,347163063,,
mudlet,,,,347163121
multipart-parser-c,,,,347163169
mumble,347459752,347459751,,
mygpoclient,,347163391,,
mysql-workbench,347163463,347163478,,
mystmd,,,,347163460
naja,,,,347163561
nano-wallet,347163590,347163587,,
nanobench,,,,347163592
nbd,,,,347163748
net-cpp,347164241,347164238,,
netbsd.libcurses,347164380,347164379,,
netbsd.libterminfo,,,,347164384
netbsd.locale,347164389,347164388,,
netbsd.make,347164395,347164394,,347164393
netbsd.man,347164404,347164403,,347164402
netclient,,,,347459765
netfoil,,,,347164486
netifd,347164511,347164509,,
netron,,,,347164552
neverest,347164631,347164630,,347164629
newlib-nano,,347164646,,347164645
newlib,,347164644,,347164643
nexa,,347164672,,
nfswolf,,,,347164756
ngadmin,,,,347164764
nhentai,347164898,347164883,,347164829
nihstro,,,,347164860
nix-serve-ng,,347165213,,347794278
nmstate,,,,347165918
nodehun,,,,347165982
nodejs-slim_26,,347166003,,
nodejs-slim_latest,,347166004,,
notepad-next,,,,347166159
ns-3,347166362,,,
ntp,,,,347166477
numkong,,347166567,,
numr,347166583,347166577,,
nushellPlugins.desktop_notifications,,,,347166598
nvidia-mig-parted,,,,347166678
obitools3,347166890,347166889,,347166888
obs-studio-plugins.obs-advanced-masks,347791378,347791410,,
obs-studio-plugins.obs-composite-blur,347791414,347791385,,
obs-studio-plugins.obs-dvd-screensaver,347791389,347791404,,
obs-studio-plugins.obs-move-transition,347791424,347791403,,
obs-studio-plugins.obs-noise,347791425,347791415,,
obs-studio-plugins.obs-replay-source,347791430,347791419,,
obs-studio-plugins.obs-retro-effects,347791441,347791427,,
obs-studio-plugins.obs-shaderfilter,347791476,347791468,,
obs-studio-plugins.obs-source-switcher,347791434,347791451,,
obs-studio-plugins.obs-stroke-glow-shadow,347791466,347791435,,
ocamlPackages.class_group_vdf,,,,347167468
ocamlPackages.ecaml,,,,347167912
ocamlPackages.janeStreet.ecaml,,,,347168593
ocamlPackages.janeStreet.janestreet_cpuid,,347168650,,347168651
ocamlPackages.janestreet_cpuid,,347168963,,347168964
ocamlPackages.llvm,,,,347169156
ocamlPackages.owl,,,,347169853
ocamlPackages.stog,,,,347170625
ocamlPackages_latest.class_group_vdf,,,,347171476
ocamlPackages_latest.ecaml,,,,347171891
ocamlPackages_latest.janeStreet.ecaml,,,,347172572
ocamlPackages_latest.janeStreet.janestreet_cpuid,,347172631,,347172627
ocamlPackages_latest.janestreet_cpuid,,347172949,,347172950
ocamlPackages_latest.llvm,,,,347173135
ocamlPackages_latest.owl,,,,347173875
ocamlPackages_latest.stog,,,,347174632
ocrodjvu,347175091,347175092,,
ocrs,347175093,,,
octavePackages.communications,347175130,347175147,,
octavePackages.general,347175169,347175166,,
octavePackages.ocl,,,,347175220
octavePackages.optim,347175233,347175232,,
octavePackages.strings,347175259,347175258,,
onednn_2,,347175576,,
open5gs-webui,,,,347175766
openarc,,,,347175806
openbabel,,347175815,,
openbsd.cap_mkdb,347175915,347175913,,347175911
openbsd.makedev,,347175930,,347175928
openbsd.makefs,,,,347175943
openbsd.mount,347175944,347175934,,347175935
openbsd.pfctl,347175941,347175939,,347175940
openbsd.su,347175978,347175947,,347175946
openbsd.sysctl,347175949,347175958,,347175948
opencl-cts,347175973,347175972,,347175971
opencloud-desktop-shell-integration-resources,,,,347175988
opencloud-desktop,,,,347175983
opencomposite,,,,347176003
opengothic,347176100,347176097,,
openonload,347176313,,,
openpa,,,,347176319
openpbs,,,,347176336
openroad,,,,347176472
openssh-askpass,,,,347176537
openvas-scanner,347176679,347176678,,
openvino-genai,347791502,347791499,,
orbuculum,347176837,347176836,,
osmctools,,,,347176941
osrm-backend,347176985,347176988,,
ossia-score,347176991,347176990,,
ossim,347177077,347176992,,347176998
otel-cli,,347177033,,
outguess,,,,347177087
ovito,347177130,347177129,,
owncloud-client,,,,347177154
oxker,,,,347177188
p4c,347177219,347177218,,
pa-dlna,,347177240,,
pa_applet,347177243,347177244,,
packcc,,,,347177268
pam_gnupg,,,,347177381
pam_xdg,,347177414,,347177413
paml,,,,347177420
paqet,,,,347177833
paraview,347177894,347177892,,
parsedmarc,,,,347459849
partclone-utils,,,,347177952
pawn-appetit,,,,347178144
paxtest,347178156,347178155,,
pcalc,,,,347178199
pcem,,347178254,,
pdf-cli,,347178270,,
pdftoipe,347178362,347178361,,347178360
pdi,347178367,347178366,,
pegasus-frontend,347178454,347178450,,
percona-xtrabackup,347178491,347178488,,
percona-xtrabackup_8_4,347178492,347178490,,
perfetto-sdk,347178506,347178505,,
perfetto,347178503,347178502,,
perl5Packages.BoostGeometryUtils,347178850,347178849,,
perl5Packages.FutureIO,,,,347180585
perl5Packages.Gtk3ImageView,,,,347180712
perl5Packages.ImageScale,347181062,,,
perlPackages.BoostGeometryUtils,347184604,347184590,,
perlPackages.FutureIO,,,,347186325
perlPackages.Gtk3ImageView,,,,347186669
perlPackages.ImageScale,347186811,,,
pgadmin4-desktopmode,347190239,347190241,,
pgadmin4,347190237,347190234,,
pgschema,,347190206,,
photoview,347190319,347190315,,
phytool,347192103,347192102,,347192100
picat,,,,347192117
picolibc,,,,347192152
pidginPackages.purple-plugin-pack,347192219,347192218,,
pihole-ftl,347192251,347192250,,
pimsync,,347192286,,
pinnacle,347192352,,,
pinocchio,347192373,347192426,,
pint,,,,347192366
piper-phonemize,347791558,347791557,,
pkgit,,,,347192567
pkgsRocm.elpa,347791573,,,
pkgsRocm.gdcm,347192653,,,
pkgsRocm.ieda,347791587,,,
pkgsRocm.migrate,347192718,,,
pkgsRocm.paraview,347192768,,,
pkgsRocm.pdi,347192761,,,
pkgsRocm.petsc,347192765,,,
pkgsRocm.piper-phonemize,347791613,,,
pkgsRocm.python3Packages.gdcm,347192861,,,
pkgsRocm.python3Packages.gpuctypes,347192866,,,
pkgsRocm.python3Packages.hoomd-blue,347192875,,,
pkgsRocm.python3Packages.petsc4py,347193019,,,
pkgsRocm.python3Packages.sirius,347193079,,,
pkgsRocm.python3Packages.torch-no-triton,347193121,,,
pkgsRocm.python3Packages.torch,347193090,,,
pkgsRocm.python3Packages.torchWithVulkan,347193120,,,
pkgsRocm.python3Packages.torchWithoutCuda,347193125,,,
pkgsRocm.sirius,347193167,,,
pkgsRocm.tt-metal,347193195,,,
pkgsRocm.vtk_9_6,347791694,,,
pkgsRocm.whisper-cpp-vulkan,347193211,,,
pktgen,347193224,347193223,,
plugdata,347193444,347193443,,
pmars-x11,,,,347193495
pnetcdf,,,,347193523
pngoptimizer,347193542,347193541,,
podofo,,,,347193635
podofo0,,,,347193639
polkadot,,,,347193727
ponyc,,347193803,,
postgresql14Packages.pointcloud,,,,347194093
postgresql17Packages.pointcloud,,,,347194701
postgresql19Packages.apache_datasketches,347194951,347194934,,347194936
postgresql19Packages.omnigres,347194959,347194949,,347194953
postgresql19Packages.pg_bigm,347194968,347194962,,347194960
postgresql19Packages.pg_duckdb,347194974,347194984,,347194972
postgresql19Packages.pg_graphql,347195001,347194983,,
postgresql19Packages.pg_ivm,347194982,347194980,,347194993
postgresql19Packages.pg_search,347195020,347195027,,
postgresql19Packages.pg_similarity,347195011,347195013,,347195010
postgresql19Packages.pg_textsearch,347195018,347195016,,347195017
postgresql19Packages.pg_tle,347195023,347195021,,347195019
postgresql19Packages.pg_when,347195037,347195033,,
postgresql19Packages.pgactive,347195030,347195031,,347195032
postgresql19Packages.pglite_fusion,347195050,347195051,,
postgresql19Packages.pgx_ulid,347195079,347195075,,
postgresql19Packages.pointcloud,347195082,347195081,,347195080
postgresql19Packages.repmgr,347195084,347195085,,347195083
postgresql19Packages.rum,347195088,347195087,,347195086
postgresql19Packages.tds_fdw,347195095,347195093,,347195102
postgresql19Packages.temporal_tables,347195097,347195098,,347195094
postgresql19Packages.wal2json,347195104,347195103,,347195100
powertabeditor,,,,347195427
previewqt,,,,347794479
prmt,,,,347195686
progress-tracker,347195760,347195921,,
project-graph,347195800,347195775,,
pspy,,,,347196459
pstoedit,347196481,347196479,,
pulseaudio-dlna,347196578,347196576,,
punes-qt6,347196655,347196656,,
punes,347196654,347196652,,
puredata,,,,347196681
py-spy,,347196792,,
pyp,347196893,347196892,,347196891
python313Packages.aiohttp-client-cache,347197620,347197471,,347197443
python313Packages.aiohttp-remotes,347197447,347197446,,347197445
python313Packages.aiosonic,,,,347197735
python313Packages.aiovban-pyaudio,347197805,347197797,,347197802
python313Packages.allure-pytest,347198758,347198757,,347198754
python313Packages.allure-python-commons-test,347198763,347198764,,347198765
python313Packages.alphashape,,,,347198905
python313Packages.angr,347198852,347198844,,347198847
python313Packages.anki-mac-helper,,,,347198858
python313Packages.aocd,347198972,347198965,,347198970
python313Packages.arelle-headless,347199133,347199123,,347199134
python313Packages.arelle,347199121,347199122,,347199147
python313Packages.astropy-helpers,347199341,347199340,,347199338
python313Packages.atopile,347199714,347199709,,
python313Packages.authcaptureproxy,347199546,347199543,,347199542
python313Packages.bayesian-optimization,,,,347200282
python313Packages.bayespy,347200288,347200286,,347200285
python313Packages.bbox,347200292,347200290,,347200291
python313Packages.beanhub-cli,347200362,347200353,,347200373
python313Packages.bizkaibus,347200597,347200598,,347200596
python313Packages.blastdns,,,,347200619
python313Packages.borb,347200788,347200787,,347200785
python313Packages.brian2,347200881,347200882,,347200880
python313Packages.brotli-asgi,347200907,347200908,,347200909
python313Packages.caldav,,,,347459991
python313Packages.caldav_2,,,,347459988
python313Packages.capstone_4,347201131,347201132,,347201133
python313Packages.category-encoders,347201201,,,347201202
python313Packages.cement,347201252,347201249,,
python313Packages.cert-chain-resolver,347201265,347201262,,347201261
python313Packages.cgal,347201336,347201335,,
python313Packages.chirpstack-api,347201427,347201426,,347201423
python313Packages.cinemagoer,347201451,347201450,,347201448
python313Packages.clip,347201651,347201645,,347201644
python313Packages.clx-sdk-xms,347201694,347201693,,347201692
python313Packages.colcon-argcomplete,347201807,347201808,,347201805
python313Packages.compressed-tensors,,,,347202059
python313Packages.confight,347202098,347202097,,347202096
python313Packages.connect-box,347202128,347202127,,347202123
python313Packages.connexion,347202142,347202141,,347202139
python313Packages.cornice,347202253,347202249,,347202248
python313Packages.credsweeper,,347791780,,
python313Packages.cx-freeze,,347202560,,
python313Packages.cyclonedds-python,347202581,347202578,,347202580
python313Packages.dartsim,347202665,347202668,,
python313Packages.dask-ml,347202715,,,347202712
python313Packages.dataclass-csv,347202738,347202737,,347202736
python313Packages.datashader,347202806,,,347202803
python313Packages.datashaper,347202809,347202807,,347202805
python313Packages.dbt-common,347202856,347202857,,347202854
python313Packages.deepwave,347202993,,,
python313Packages.deform,347203033,347203021,,347203011
python313Packages.deid,,,,347203019
python313Packages.deltalake,,,,347203042
python313Packages.dicomweb-client,,,,347203158
python313Packages.disnake,347203257,347203254,,347203256
python313Packages.distrax,347791801,,,
python313Packages.django-currentuser,347203530,347203527,,347203528
python313Packages.djvulibre-python,,,,347204017
python313Packages.dlib,,,,347204025
python313Packages.dragonfly,347204257,347204256,,
python313Packages.dspy,,,,347204374
python313Packages.dtschema,347204383,347204376,,
python313Packages.duct-py,347204390,347204389,,347204388
python313Packages.effect,347204611,347204609,,347204607
python313Packages.elastic-apm,347204654,347204871,,347204640
python313Packages.emborg,347204720,347204713,,347204715
python313Packages.es-client,347204876,347204875,,347204874
python313Packages.exiv2,,,,347205064
python313Packages.expiring-dict,,,,347205079
python313Packages.facenet-pytorch,347205164,347205163,,347205189
python313Packages.falconpy,347205201,347205200,,347205199
python313Packages.fastapi-versionizer,347205252,347205253,,347205251
python313Packages.fastcan,347205265,,,347205263
python313Packages.fhir-py,347205427,347205426,,347205425
python313Packages.fickling,347205436,347205435,,347205457
python313Packages.filterpy,,,,347205470
python313Packages.firedrake,347205559,347205553,,
python313Packages.flask-versioned,347205801,347205799,,347205798
python313Packages.flickrapi,347205857,347205856,,347205855
python313Packages.floret,347205876,347205874,,
python313Packages.fritzconnection,,,,347206087
python313Packages.gdcm,347206269,347206409,,347206280
python313Packages.glueviz,347206632,347206627,,347206623
python313Packages.google-cloud-dataproc,347206739,347206735,,347206738
python313Packages.google-cloud-error-reporting,347206757,347206752,,347206748
python313Packages.google-cloud-iot,347206762,347206763,,347206765
python313Packages.google-cloud-spanner,347206815,347206814,,347206830
python313Packages.gradio,,,,347207024
python313Packages.graph-tool,,,,347207021
python313Packages.graphite-web,347207049,347207046,,347207035
python313Packages.graphql-subscription-manager,347207044,347207047,,347207045
python313Packages.habitipy,347207313,347207310,,347207309
python313Packages.heatmiserv3,347207473,347207474,,347207471
python313Packages.hg-git,347207553,347207552,,347207560
python313Packages.hoomd-blue,347207725,347207698,,
python313Packages.httpx-auth,,347207846,,
python313Packages.hydrogram,347208499,347208498,,347208496
python313Packages.i-pi,347208551,347208550,,
python313Packages.ignite,347208684,347208682,,347208681
python313Packages.imagecorruptions,347208750,347208725,,347208724
python313Packages.imagededup,347208732,,,347208726
python313Packages.imantics,347208746,347208744,,347208743
python313Packages.imbalanced-learn,347208759,,,347208757
python313Packages.intensity-normalization,347208968,347208961,,347208959
python313Packages.invocations,347208992,347208993,,347208997
python313Packages.iplotx,347209056,,,347209057
python313Packages.iterfzf,,,,347209230
python313Packages.jax-jumpy,347209343,347209344,,347209342
python313Packages.jh2,,347460058,,
python313Packages.json-schema-for-humans,347209501,347209507,,347209506
python313Packages.json-tricks,347209519,347209517,,347209515
python313Packages.kbcstorage,347209896,347209893,,347209894
python313Packages.kestra,347209935,347209937,,347209936
python313Packages.kmock,,,,347210017
python313Packages.kopf,347210057,347210052,,
python313Packages.kotsu,347210066,,,347210064
python313Packages.kuzu,347210094,347210093,,
python313Packages.lancedb,,,,347210130
python313Packages.latexify-py,347210283,347210284,,347210282
python313Packages.libbs,347210472,347210452,,347210451
python313Packages.libxc,347210635,347210634,,347210632
python313Packages.lifx-async,,347210683,,
python313Packages.line-profiler,347210730,347210729,,347210728
python313Packages.linearmodels,347210737,,,347210736
python313Packages.linode-api,347210767,347210766,,347210764
python313Packages.mallard-ducktype,347211394,347211392,,347211391
python313Packages.mdtraj,347211676,347211674,,347211671
python313Packages.mergedb,347211766,347211764,,347211762
python313Packages.mir-eval,347211984,347211982,,347211981
python313Packages.mistral-common,347212007,,,
python313Packages.mkdocs-autolinks-plugin,347212048,347212046,,347212044
python313Packages.mkdocs-simple-blog,347212154,347212153,,347212152
python313Packages.mlxtend,347212213,,,347212210
python313Packages.monosat,,,,347212355
python313Packages.motmetrics,347212410,347212407,,347212408
python313Packages.mpv,,,,347794525
python313Packages.mrsqm,347212498,,,347212495
python313Packages.nanomsg-python,347213831,347213830,,347213829
python313Packages.niaarm,347214113,,,347214125
python313Packages.noaa-coops,347214239,347214236,,347214235
python313Packages.nuclear,347214368,347214367,,347214366
python313Packages.numkong,,347214407,,
python313Packages.numpy-groupies,347214416,347214419,,347214414
python313Packages.openai-agents,347214758,347214760,,347214761
python313Packages.openbabel,,347214791,,
python313Packages.opencensus-ext-azure,347214807,347214809,,347214808
python313Packages.opendal,347215044,347215078,,347215039
python313Packages.openslide,347214906,347214907,,347214902
python313Packages.opentelemetry-instrumentation-system-metrics,,,,347214990
python313Packages.opentelemetry-propagator-aws-xray,347215004,347215005,,347215003
python313Packages.optiland,,347215101,,347215079
python313Packages.opytimark,347215108,,,
python313Packages.paddlepaddle,,347215391,,
python313Packages.panphon,347215429,347215430,,347215428
python313Packages.parsnip,347215515,347215518,,347215521
python313Packages.pbar,347215612,347215611,,347215609
python313Packages.pgsanity,347215867,347215866,,347215865
python313Packages.phe,347215886,347215882,,347215884
python313Packages.phx-class-registry,347215922,347215921,,347215919
python313Packages.pillowfight,347215993,347215992,,347215991
python313Packages.pint-pandas,347216022,347216020,,347216018
python313Packages.piper-phonemize,,,,347216077
python313Packages.planetary-computer,347216127,347216124,,347216123
python313Packages.pmdarima,347216290,,,347216286
python313Packages.ppscore,347216461,,,347216459
python313Packages.property-cached,347216632,347216631,,347216630
python313Packages.prosemirror,347216644,347216645,,347216641
python313Packages.proton-core,,,,347460121
python313Packages.pulsar-client,347216787,347216792,,347216791
python313Packages.pvlib,347216845,347216843,,347216842
python313Packages.py-cpuinfo2,,,,347216899
python313Packages.pyamg,,,,347217128
python313Packages.pybloomfilter3,347217287,347217286,,347217285
python313Packages.pycsdr,347217506,347217505,,
python313Packages.pycxx,347217524,347217523,,347217522
python313Packages.pydantic-zarr,347217581,,,347217585
python313Packages.pydiffx,347217646,347217647,,347217645
python313Packages.pyeclib,,,,347217738
python313Packages.pyephember2,347217808,347217807,,347217806
python313Packages.pyfcm,347217874,347217875,,347217872
python313Packages.pyheos,,347218137,,
python313Packages.pyirishrail,347218249,347218248,,347218250
python313Packages.pyitachip2ir,,,,347218265
python313Packages.pykdtree,,347218320,,
python313Packages.pylibjpeg-rle,,,,347218441
python313Packages.pylsl,,,,347460139
python313Packages.pymatreader,347218577,347218576,,347218574
python313Packages.pynest2d,347218780,347218779,,
python313Packages.pyosohotwaterapi,347218969,347218967,,347218968
python313Packages.pyoxipng,347218993,,,
python313Packages.pypdf,,347791959,,
python313Packages.pyqt3d,347219214,347219190,,347219191
python313Packages.pyramid-exclog,347219269,347219268,,347219263
python313Packages.pyramid-multiauth,347219294,347219293,,347219282
python313Packages.pyslurm,347219577,347219576,,
python313Packages.pysmart,347219591,347219593,,347219590
python313Packages.pysmbc,,,,347219609
python313Packages.pytest-harvest,347220010,347220009,,347220007
python313Packages.pytest-selenium,347220203,347220204,,347220202
python313Packages.python-constraint,347220420,347220419,,347220418
python313Packages.python-etherscan-api,347220509,347220508,,347220507
python313Packages.python-fx,,347220542,,
python313Packages.python-prctl,,347220846,,
python313Packages.python-redis-lock,,,,347220861
python313Packages.python-registry,347220867,347220866,,347220865
python313Packages.python-tsp,347220970,347220971,,347220969
python313Packages.pytorch-pfn-extras,347221187,347221248,,
python313Packages.pyttsx3,,,,347221210
python313Packages.pyvo,347221337,347221344,,347221335
python313Packages.pywebview,,,,347221382
python313Packages.qiskit,347221557,347221554,,347221555
python313Packages.quantulum3,347221635,,,347221634
python313Packages.qudida,347221651,,,347221647
python313Packages.rapidgzip,347221726,,,
python313Packages.ratarmountcore,,347221755,,347221750
python313Packages.raylib,,,,347221773
python313Packages.rds2py,,,,347221811
python313Packages.real-ladybug,347221843,347221841,,
python313Packages.recline,347221860,347221859,,347221861
python313Packages.recordlinkage,347221899,,,347221896
python313Packages.repoze-who,347222029,347222028,,347222027
python313Packages.requests-ratelimiter,,,,347460165
python313Packages.requirements-detector,347222121,347222120,,347222118
python313Packages.rmsd,347222348,347222349,,
python313Packages.s3torchconnectorclient,347222667,347222663,,
python313Packages.saiph,347222715,,,347222712
python313Packages.scantree,,,,347222822
python313Packages.scikit-rf,347222897,347222896,,347222895
python313Packages.semgrep,347223100,347223093,,347223092
python313Packages.sendspin,347223105,347223111,,
python313Packages.setuptools-odoo,347223229,347223231,,347223228
python313Packages.sharp-aquos-rc,347223293,347223291,,347223288
python313Packages.signalrcore,347223352,347223351,,347223350
python313Packages.silver-platter,347223414,347223418,,347223421
python313Packages.siuba,347223530,347223529,,347223528
python313Packages.solidpython2,,,,347223861
python313Packages.sourmash,347223917,347223909,,347223915
python313Packages.spectral-cube,347224008,347224005,,347224002
python313Packages.sphinx-automodapi,347224054,347224049,,347224047
python313Packages.ssort,347224519,347224518,,347224515
python313Packages.stac-validator,347224531,347224530,,347224529
python313Packages.stockfish,,347224725,,
python313Packages.stp,,,,347224743
python313Packages.stups-zign,347224876,347224874,,347224875
python313Packages.stytra,347224884,347224877,,347224879
python313Packages.succulent,347224898,347224899,,347224897
python313Packages.sunpy,347224919,347224918,,347224917
python313Packages.swi-tools,347225042,347225040,,347225041
python313Packages.synchronicity,,347225085,,
python313Packages.tcxparser,347225240,347225238,,347225236
python313Packages.tinygrad,347792007,,,347225678
python313Packages.toggl-cli,347225765,347225764,,347225763
python313Packages.torch-checkpointing,,,,347225834
python313Packages.torchWithRocm,347225983,,,
python313Packages.torchao,,,,347226033
python313Packages.torchdata,,,,347225889
python313Packages.trackpy,347225984,,,347225982
python313Packages.trino-python-client,347227124,347227119,,347227118
python313Packages.tsfresh,347227183,,,347227181
python313Packages.type-infer,347227355,347227343,,347227367
python313Packages.types-dateutil,347228488,347228487,,347228483
python313Packages.typing-validation,347228629,347228627,,347228626
python313Packages.ultralytics,,,,347228760
python313Packages.unicorn-angr,347228819,347228816,,
python313Packages.upass,347228898,347228897,,347228893
python313Packages.usbrelay-py,347229010,347229008,,
python313Packages.uvicorn-worker,,347229062,,
python313Packages.vega,347229152,,,347229218
python313Packages.vina,347229249,347229244,,347229248
python313Packages.vnoise,347229301,347229300,,347229299
python313Packages.vowpalwabbit,,,,347229335
python313Packages.vprof,347229342,347229339,,347229340
python313Packages.vsts,347229345,347229344,,347229343
python313Packages.vyper,347229374,347229377,,347229372
python313Packages.wgpu-py,347229640,347229634,,347229632
python313Packages.ws4py,,,,347229807
python313Packages.xdis,347229917,347229915,,347229913
python313Packages.xgrammar,347229939,347229946,,
python313Packages.xnatpy,347230007,347230010,,347230002
python313Packages.xrootd,347230023,347230021,,347230019
python313Packages.xtensor-python,347230060,347230059,,
python313Packages.yalexs,347230089,347230084,,347230086
python313Packages.yargy,347230136,347230135,,347230133
python313Packages.ydata-profiling,347230155,347230156,,347230159
python313Packages.zc-buildout,347230267,347230266,,347230265
python313Packages.zcbor,347230274,347230273,,347230270
python313Packages.zulip-emoji-mapping,347230463,347230462,,347230460
python314Packages.aiohttp-client-cache,347230962,347231028,,347231030
python314Packages.aiohttp-remotes,347230957,347230954,,347230953
python314Packages.aiokef,347231022,347231021,,347231018
python314Packages.aiosonic,,,,347231247
python314Packages.aiovban-pyaudio,347231304,347231321,,347231310
python314Packages.allure-pytest,347232263,347232261,,347232260
python314Packages.allure-python-commons-test,347232271,347232273,,347232270
python314Packages.alphashape,,,,347232518
python314Packages.amazon-ion,,,,347232304
python314Packages.angr,347232366,347232352,,347232351
python314Packages.anki-mac-helper,,,,347232365
python314Packages.aocd,347232478,347232472,,347232471
python314Packages.arelle-headless,347232669,347232654,,347232641
python314Packages.arelle,347232668,347232642,,347232652
python314Packages.astropy-helpers,347232847,347232846,,347232845
python314Packages.atopile,347233072,347233061,,
python314Packages.authcaptureproxy,347233051,347233050,,347233048
python314Packages.bayesian-optimization,,,,347233786
python314Packages.bayespy,347233790,347233789,,347233787
python314Packages.bbox,347233793,347233792,,347233791
python314Packages.beanhub-cli,347233868,347233858,,347233869
python314Packages.bizkaibus,347234097,347234098,,347234096
python314Packages.blastdns,,,,347234119
python314Packages.borb,347234287,347234284,,347234288
python314Packages.brian2,347234382,347234380,,347234381
python314Packages.brotli-asgi,347234405,347234398,,347234403
python314Packages.canopen,,,,347234613
python314Packages.capstone_4,347234629,347234628,,347234630
python314Packages.category-encoders,347234699,,,347234698
python314Packages.cement,347234746,347234747,,
python314Packages.cert-chain-resolver,347234762,347234761,,347234760
python314Packages.cgal,347234837,347234840,,
python314Packages.chirpstack-api,347234922,347234921,,347234923
python314Packages.cinemagoer,347234945,347234944,,347234943
python314Packages.class-doc,347235011,347235006,,347235005
python314Packages.clip,347235142,347235143,,347235137
python314Packages.clx-sdk-xms,347235186,347235184,,347235182
python314Packages.colcon-argcomplete,347235296,347235295,,347235297
python314Packages.compressed-tensors,,,,347235578
python314Packages.confight,347235586,347235589,,347235588
python314Packages.connect-box,347235614,347235613,,347235609
python314Packages.connexion,347235630,347235629,,347235628
python314Packages.cornice,347235742,347235740,,347235741
python314Packages.credsweeper,,347792082,,
python314Packages.cx-freeze,,347236048,,
python314Packages.dartsim,347236154,347236160,,
python314Packages.dask-ml,347236201,,,347236198
python314Packages.dataclass-csv,347236222,347236221,,347236220
python314Packages.datashader,347236287,,,347236284
python314Packages.datashaper,347236289,347236288,,347236286
python314Packages.dbt-common,347236340,347236338,,347236336
python314Packages.deebot-client,,,,347236429
python314Packages.deepspeed,,,,347236457
python314Packages.deepwave,347236462,,,
python314Packages.deform,347236504,347236485,,347236505
python314Packages.deid,,,,347236488
python314Packages.deltalake,,,,347236508
python314Packages.dicomweb-client,,,,347236623
python314Packages.disnake,347236722,347236724,,347236720
python314Packages.django-currentuser,347236989,347236990,,347236988
python314Packages.django-q2,,347237237,,
python314Packages.djvulibre-python,,,,347237476
python314Packages.dlib,,,,347237484
python314Packages.dragonfly,347237720,347237722,,
python314Packages.dspy,,,,347237834
python314Packages.dtschema,347237833,347237831,,
python314Packages.duct-py,347237847,347237846,,347237845
python314Packages.effect,347238063,347238062,,347238061
python314Packages.elastic-apm,347238123,347238116,,347238119
python314Packages.emborg,347238186,347238188,,347238176
python314Packages.es-client,347238339,347238340,,347238334
python314Packages.exiv2,,,,347238526
python314Packages.expiring-dict,,,,347238533
python314Packages.facenet-pytorch,347238618,347238621,,347238616
python314Packages.falconpy,347238651,347238653,,347238652
python314Packages.fastapi-versionizer,347238709,347238708,,347238707
python314Packages.fastcan,347238719,,,347238712
python314Packages.fhir-py,347238878,347238876,,347238877
python314Packages.filterpy,,,,347238921
python314Packages.firedrake,347238987,347238988,,
python314Packages.flask-versioned,347239252,347239251,,347239250
python314Packages.flickrapi,347239306,347239305,,347239304
python314Packages.floret,347239327,347239325,,
python314Packages.funsor,,347239611,,
python314Packages.gdcm,347239723,347239712,,347239711
python314Packages.gilknocker,,347239960,,
python314Packages.glueviz,347240103,347240064,,347240066
python314Packages.gradio,,,,347240442
python314Packages.graph-tool,,,,347240459
python314Packages.graphite-web,347240465,347240468,,347240475
python314Packages.graphql-subscription-manager,347240480,347240481,,347240478
python314Packages.habitipy,347240746,347240750,,347240744
python314Packages.heatmiserv3,347240918,347240913,,347240912
python314Packages.hg-git,347240992,347240991,,347240995
python314Packages.hoomd-blue,347241132,347241131,,
python314Packages.hydrogram,347241934,347241932,,347241931
python314Packages.i-pi,347241985,347241984,,
python314Packages.ignite,347242119,347242120,,347242117
python314Packages.imagecorruptions,347242161,347242160,,347242159
python314Packages.imagededup,347242168,,,347242164
python314Packages.imantics,347242182,347242183,,347242179
python314Packages.imbalanced-learn,347242193,,,347242192
python314Packages.intensity-normalization,347242394,347242397,,347242396
python314Packages.invocations,347242430,347242425,,347242424
python314Packages.iplotx,347242487,,,347242488
python314Packages.iterfzf,,,,347242662
python314Packages.jax-jumpy,347242768,347242767,,347242766
python314Packages.jh2,,347460299,,
python314Packages.json-schema-for-humans,347242935,347242932,,347242930
python314Packages.json-tricks,347242948,347242947,,347242946
python314Packages.jupyterhub,,347243165,,
python314Packages.kbcstorage,347243327,347243326,,347243325
python314Packages.kestra,347243369,347243359,,
python314Packages.kmock,,,,347243442
python314Packages.kopf,347243485,347243480,,
python314Packages.kotsu,347243494,,,347243488
python314Packages.kuzu,347243522,347243520,,
python314Packages.libbs,347243879,347243876,,347243873
python314Packages.libxc,347244058,347244057,,347244055
python314Packages.line-profiler,347244153,347244159,,347244154
python314Packages.linearmodels,347244163,,,347244161
python314Packages.linode-api,347244189,347244192,,347244186
python314Packages.mallard-ducktype,347244812,347244811,,347244813
python314Packages.mdtraj,347245097,347245093,,347245092
python314Packages.mergedb,347245190,347245186,,347245185
python314Packages.mir-eval,347245405,347245404,,347245402
python314Packages.mistral-common,347245427,,,
python314Packages.mkdocs-autolinks-plugin,347245467,347245468,,347245466
python314Packages.mkdocs-simple-blog,347245575,347245574,,347245573
python314Packages.mlxtend,347245633,,,347245631
python314Packages.monosat,,,,347245776
python314Packages.motmetrics,347245829,347245828,,347245827
python314Packages.mpv,,,,347794671
python314Packages.mrsqm,347245920,,,347245917
python314Packages.mygpoclient,,347246114,,
python314Packages.nanomsg-python,347247252,347247251,,347247250
python314Packages.neoteroi-mkdocs,,347247399,,
python314Packages.niaarm,347247532,,,347247530
python314Packages.noaa-coops,347247672,347247656,,347247658
python314Packages.nuclear,347247790,347247788,,347247789
python314Packages.nuitka,347247794,347247792,,
python314Packages.numkong,,347247825,,
python314Packages.numpy-groupies,347247837,347247836,,347247833
python314Packages.openai-agents,347248174,347248173,,347248172
python314Packages.openbabel,,347248204,,
python314Packages.opencensus-ext-azure,347248227,347248225,,347248228
python314Packages.opendal,347248521,347248579,,347248461
python314Packages.openslide,347248322,347248321,,347248320
python314Packages.opentelemetry-instrumentation-system-metrics,,,,347248410
python314Packages.opentelemetry-propagator-aws-xray,347248422,347248421,,347248420
python314Packages.optiland,,347248528,,347248497
python314Packages.opytimark,347248526,,,
python314Packages.panphon,347248838,347248837,,347248836
python314Packages.parsnip,347248922,347248921,,347248920
python314Packages.pbar,347249019,347249020,,347249018
python314Packages.pgsanity,347249276,347249277,,347249275
python314Packages.phe,347249297,347249291,,347249290
python314Packages.phx-class-registry,347249331,347249329,,347249330
python314Packages.pillowfight,347249404,347249406,,347249403
python314Packages.pint-pandas,347249430,347249429,,347249427
python314Packages.piper-phonemize,,,,347249478
python314Packages.planetary-computer,347249531,347249529,,347249528
python314Packages.plum-py,347249665,347249662,,347249661
python314Packages.pmdarima,347249692,,,347249693
python314Packages.ppscore,347249866,,,347249864
python314Packages.property-cached,347250036,347250035,,347250034
python314Packages.prosemirror,347250046,347250047,,347250045
python314Packages.proton-core,,,,347460349
python314Packages.pulsar-client,347250198,347250192,,347250193
python314Packages.pvlib,347250271,347250270,,347250268
python314Packages.py-cpuinfo2,,,,347250325
python314Packages.pybloomfilter3,347250715,347250714,,347250713
python314Packages.pycsdr,347250935,347250934,,
python314Packages.pycxx,347250953,347250950,,347250952
python314Packages.pydantic-zarr,347251007,,,347251011
python314Packages.pydiffx,347251074,347251072,,347251073
python314Packages.pyeclib,,,,347251161
python314Packages.pyephember2,347251234,347251236,,347251231
python314Packages.pyfcm,347251300,347251301,,347251299
python314Packages.pyirishrail,347251673,347251670,,347251671
python314Packages.pyitachip2ir,,,,347251688
python314Packages.pykdtree,,347251741,,
python314Packages.pylibjpeg-rle,,,,347251864
python314Packages.pylsl,,,,347460387
python314Packages.pymatreader,347251996,347251995,,347251993
python314Packages.pynest2d,347252201,347252200,,
python314Packages.pyosohotwaterapi,347252387,347252388,,347252385
python314Packages.pyoxipng,347252411,,,
python314Packages.pypdf,,347792237,,
python314Packages.pyqt3d,347252610,347252605,,347252606
python314Packages.pyramid-exclog,347252685,347252683,,347252682
python314Packages.pyramid-multiauth,347252695,347252693,,347252690
python314Packages.pyslurm,347252995,347252993,,
python314Packages.pysmart,347253008,347253007,,347253006
python314Packages.pysmbc,,,,347253024
python314Packages.pytelegrambotapi,,,,347253240
python314Packages.pytest-harvest,347253426,347253427,,347253428
python314Packages.pytest-selenium,347253623,347253620,,347253622
python314Packages.python-constraint,347253837,347253835,,347253834
python314Packages.python-etherscan-api,347253928,347253929,,347253926
python314Packages.python-fx,347253964,347253962,,347253961
python314Packages.python-prctl,,347254269,,
python314Packages.python-redis-lock,,,,347254285
python314Packages.python-registry,347254288,347254292,,347254291
python314Packages.python-tsp,347254393,347254392,,347254390
python314Packages.pytorch-pfn-extras,347254595,347254593,,
python314Packages.pyttsx3,,,,347254634
python314Packages.pyvo,347254760,347254759,,347254752
python314Packages.pywebview,,,,347254821
python314Packages.qiskit,347254980,347254978,,347254977
python314Packages.quantulum3,347255057,,,347255059
python314Packages.qudida,347255075,,,347255070
python314Packages.rapidgzip,347255149,,,
python314Packages.ratarmountcore,,347255178,,347255177
python314Packages.raylib,,,,347255196
python314Packages.rds2py,,,,347255228
python314Packages.real-ladybug,347255267,347255265,,
python314Packages.recline,347255280,347255281,,347255279
python314Packages.recordlinkage,347255349,,,347255341
python314Packages.repoze-who,347255448,347255447,,347255446
python314Packages.requirements-detector,347255542,347255539,,347255540
python314Packages.rerun-sdk,,347255552,,
python314Packages.rmsd,347255764,347255763,,
python314Packages.s3torchconnectorclient,347256076,347256074,,
python314Packages.saiph,347256125,,,347256124
python314Packages.scantree,,,,347256232
python314Packages.scikit-rf,347256311,347256313,,347256310
python314Packages.semgrep,347256511,347256512,,347256519
python314Packages.sendspin,347256527,347256513,,
python314Packages.setuptools-odoo,347256644,347256645,,347256642
python314Packages.sharp-aquos-rc,347256703,347256702,,347256699
python314Packages.signalrcore,347256764,347256761,,347256759
python314Packages.silver-platter,347256819,347256802,,347256801
python314Packages.siuba,347256939,347256938,,347256937
python314Packages.snowflake-connector-python,347257196,347257191,,347257189
python314Packages.solidpython2,,,,347257270
python314Packages.sourmash,347257324,347257320,,347257323
python314Packages.spectral-cube,347257420,347257413,,347257407
python314Packages.sphinx-automodapi,347257462,347257459,,347257457
python314Packages.ssort,347257931,347257929,,347257928
python314Packages.stac-validator,347257942,347257939,,347257938
python314Packages.stockfish,,347258134,,
python314Packages.stp,,,,347258151
python314Packages.stups-zign,347258287,347258285,,347258284
python314Packages.stytra,347258293,347258298,,347258292
python314Packages.succulent,347258308,347258307,,347258305
python314Packages.sunpy,347258331,347258326,,347258328
python314Packages.swi-tools,347258451,347258450,,347258448
python314Packages.synchronicity,,347258503,,
python314Packages.tcxparser,347258648,347258647,,347258646
python314Packages.tinygrad,347792265,,,347259072
python314Packages.toggl-cli,347259164,347259155,,347259154
python314Packages.tololib,,347259177,,
python314Packages.torch-checkpointing,,,,347259225
python314Packages.torchWithRocm,347259374,,,
python314Packages.torchao,,,,347259258
python314Packages.torchdata,,,,347259280
python314Packages.trackpy,347259369,,,347259367
python314Packages.trino-python-client,347260513,347260511,,347260512
python314Packages.tsfresh,347260567,,,347260564
python314Packages.type-infer,347260732,347260728,,347260726
python314Packages.types-dateutil,347261868,347261866,,347261865
python314Packages.typing-validation,347262008,347262007,,347262005
python314Packages.ultralytics,,,,347262133
python314Packages.unicorn-angr,347262194,347262193,,
python314Packages.upass,347262274,347262275,,347262273
python314Packages.usbrelay-py,347262389,347262385,,
python314Packages.vega,347262529,,,347262530
python314Packages.vina,347262621,347262619,,347262618
python314Packages.vnoise,347262678,347262677,,347262676
python314Packages.vowpalwabbit,,,,347262713
python314Packages.vprof,347262717,347262716,,347262714
python314Packages.vsts,347262720,347262721,,347262722
python314Packages.vyper,347262755,347262753,,347262754
python314Packages.wgpu-py,347263021,347263015,,347263020
python314Packages.ws4py,,,,347263183
python314Packages.xgrammar,347263322,347263320,,
python314Packages.xnatpy,347263390,347263386,,347263385
python314Packages.xrootd,347263399,347263398,,347263400
python314Packages.xtensor-python,347263443,347263439,,
python314Packages.yalexs,347263485,347263467,,347263466
python314Packages.yargy,347263519,347263516,,347263512
python314Packages.zc-buildout,347263641,347263642,,347263640
python314Packages.zcbor,347263650,347263649,,347263648
python314Packages.zulip-emoji-mapping,347263837,347263838,,347263836
qcm,347263968,347263967,,
qdrant,347264003,,,
qemu-python-utils,,,,347264015
qgrep,,,,347264045
qgroundcontrol,347264049,347264048,,
qlever,347264088,347264087,,
qmasterpassword-wayland,347264112,347264110,,
qmasterpassword,347264109,347264108,,
qmic,,,,347264114
qpid-cpp,347264182,347264180,,
qstopmotion,347264249,347264247,,
qt6Packages.maplibre-native-qt,347264558,347264557,,
quassel,,,,347264862
quasselClient,,,,347264863
quasselDaemon,,,,347264866
qui,,,,347264895
quill,347264938,347264937,,
qxmledit,347264989,347264988,,
radian,,347265073,,
radicle-artifact,,347265065,,
rapidgzip,347265200,,,
rappel,,347265213,,
rarezip,,,,347265222
ratpoints,,,,347265284
raylib-games,,,,347265327
rbdoom-3-bfg,347265338,347265337,,
rdpgw,,,,347265419
reaper-reapack-extension,347265534,347265531,,
reaper-sws-extension,347265535,347265536,,347265530
recode,,,,347265569
redo-apenwarr,,,,347265663
regbot,347265738,347265737,,347265736
regclient,347265744,347265740,,347265739
regctl,347265745,347265742,,347265741
regsync,347265796,347265794,,347265792
reindeer,,,,347794798
remarkable-toolchain,347265826,,,
remarkable2-toolchain,347265828,,,
reproxy,,347265955,,
retdec,347266048,,,
rethinkdb,347266057,347266055,,347266054
rfc-bibtex,347266143,347266142,,347266141
rhvoice,,,,347266189
ristate,,,,347266332
river-bedload,347266348,347266346,,
rkdeveloptool-pine64,,,,347266385
rojo,,347267084,,
rp,,347267238,,
rsop,,,,347267364
rstudio-server,347794809,347794805,,
rstudio,347794807,347794811,,
rtl_wmbus,,,,347267484
rubyPackages.zookeeper,347268817,347268816,,
rubyPackages_3_3.zookeeper,347270082,347270083,,
rubyPackages_3_4.zookeeper,347271354,347271353,,
rubyPackages_4_0.zookeeper,347272620,347272619,,
runitor,,347272690,,
rust-paddle-ocr,347272772,347272771,,
rustical,,347272843,,
rxvt-unicode-unwrapped-emoji,347272973,347272972,,
rxvt-unicode-unwrapped,347272971,347272970,,
s3fs,,,,347273027
sail-riscv,,,,347273159
salut,347273177,347273176,,
samba4Full,,,,347273189
sambaFull,,,,347273193
samplicator,,,,347273221
satdump,,347273305,,
sbclPackages.cl-gtk2-glib,,347273620,,347273619
sbclPackages.cl-gtk4_dot_webkit,347273639,347273645,,
sbclPackages.cl-notify,,,,347273688
sbclPackages.qt-libs,347274361,347274360,,347274359
scd2html,347274767,347274766,,
schemes,347274817,,,
schildi-revenge,,347274937,,
see-cat,347275214,347275212,,
selfci,,,,347275239
semgrep,347275314,347275317,,347275313
sfcgal,347275534,347275533,,347275532
sgx-psw,347275597,,,
shadershark,347275629,347275628,,
shadowsocks-libev,347275640,347275638,,
shaka-packager,347275663,347275662,,347275661
shrinkray,,347275913,,
sif,,,,347275960
signalbackup-tools,,,,347460461
smplayer,347276720,347276719,,
snagboot,347276767,347276766,,
snid,,,,347276830
snort,347276897,347276895,,
snouty,,347460477,,
snpeff,,,,347276921
soapyuhd,347276971,347276972,,347276969
solana-agave,,,,347277058
sonobus,347277145,347277144,,
sosreport,347277189,347277190,,
soundconverter,347277214,347277213,,
source-meta-json-schema,,,,347277243
spades,,,,347277321
speech-denoiser,347277427,,,
speech-tools,347277432,347277431,,
spglib,,,,347277479
spoofdpi,,,,347277627
sshd-openpgp-auth,347277993,347277992,,347277991
stardust-xr-flatland,,,,347278201
steghide,,,,347278384
stellar-core,347278409,347278408,,
stoat-desktop,,,,347278477
stog,,,,347278493
stoolap,347278502,347278501,,
stp,,,,347278528
strfry,347278573,347278571,,
stripe-cli,,347278598,,
sunshine,,,,347278815
supertuxkart-server,,,,347278893
surge-xt,,347278925,,
swaymux,347279125,347279126,,
swc,347279153,347279152,,
sweethome3d.application,,,,347279160
swiftshader,347279304,347279303,,
switchfin,,,,347794837
syzkaller,,,,347279584
task-master-ai,347279899,347279898,,347279896
tblite,347279981,347279983,,
tboot,347279986,,,
tcl9Packages.tclx,347280168,347280167,,347280166
tcptrack,347280233,347280232,,
telemt,,347280348,,
televido,347280388,347280387,,
terraform-providers.cloudflare_cloudflare,,,,347792483
terraform-providers.cloudposse_utils,,,,347280746
terraform-providers.kreuzwerker_docker,,,,347280947
tests.auto-patchelf-structured-log,,347281498,,347281496
tests.build-environment-info,347281500,347281499,,347281502
tests.cc-multilib-clang,347281662,,,
tests.cc-wrapper.default,,,,347281663
tests.cc-wrapper.gccTests.gccMultiStdenv,347281714,,,
tests.cc-wrapper.llvmTests.llvmPackages.clang,,,,347281686
tests.cc-wrapper.llvmTests.llvmPackages_18.clang,347281688,347281690,,
tests.cc-wrapper.llvmTests.llvmPackages_19.clang,,,,347281696
tests.cc-wrapper.llvmTests.llvmPackages_19.libcxx,,,,347281698
tests.cc-wrapper.llvmTests.llvmPackages_20.clang,,,,347281717
tests.cc-wrapper.llvmTests.llvmPackages_21.clang,,,,347281706
tests.cc-wrapper.llvmTests.llvmPackages_22.clang,,,,347281720
tests.cc-wrapper.llvmTests.llvmPackages_23.clang,,,,347281724
tests.hardeningFlags-gcc.fortify3ExplicitEnabledExecTest,,,,347282402
tests.hardeningFlags-gcc.sfa1explicitEnabledExecTest,,,,347282473
tests.hardeningFlags-gcc.sfa3StdenvUnsuppDoesntUnsuppSfa1ExecTest,,,,347282479
tests.hardeningFlags-gcc.sfa3explicitDisabledDoesntDisableSfa1ExecTest,,,,347282487
tests.hardeningFlags-gcc.sfa3explicitEnabledProtectsDefLen1ExecTest,,,,347282496
tests.home-assistant-components.anthropic,347282679,347282676,,
tests.home-assistant-components.aws_s3,347282733,347282729,,
tests.home-assistant-components.cloudflare_r2,347282852,347282856,,
tests.home-assistant-components.conversation,347282877,347282875,,
tests.home-assistant-components.easyenergy,347283001,347282997,,
tests.home-assistant-components.energyzero,347283059,347283058,,
tests.home-assistant-components.idrive_e2,347283454,347283465,,
tests.home-assistant-components.imou,347283479,347283478,,
tests.home-assistant-components.smtp,347284420,347284419,,
tests.home-assistant-components.sofar,347284434,347284430,,
tests.home-assistant-components.yardian,347284890,347284889,,
tests.home-assistant-components.yoto,347284896,347284893,,
tests.testers.hasCmakeConfigModules.eigen-does-not-have-eigen,,,,347286000
tests.testers.runCommand.bork,347286073,347286072,,347286059
tests.texlive.binaries,347286241,347286240,,347286246
teyjus,,,,347286653
tgrep,,347792634,,
timeshift-minimal,347287040,347287043,,
tinycc,347287104,347287103,,
tlrender,347287282,347287300,,
todds,,347287580,,
tokscale,347287619,347287618,,347287617
toxiproxy,,347287805,,
tpm2-totp,,,,347287873
tpnote,,347460588,,
tracy,347287906,347287904,,
tracy_0_11,347287908,347287907,,
tracy_0_12,347287910,347287909,,
tracy_0_13,347287916,347287918,,
transgui,347287952,,,
translatelocally,347287962,347287961,,
trinity,347289213,347289212,,
trunk,347289270,,,
ts-warp,,,,347289301
tt-metal,347289371,347289355,,
tt-umd,347289377,347289376,,
tuios,,347792710,,
tuir,347289509,347289508,,347289524
tuliprox,,347289547,,347289546
turnstile,,,,347289579
ubootBananaPim64,,347792676,,
ubootCM3588NAS,,347792674,,
ubootNanoPCT6,,347792703,,
ubootNanoPiR5S,,347792672,,
ubootOlimexA64Olinuxino,,347792678,,
ubootOlimexA64Teres1,,347792705,,
ubootOrangePi3,,347792681,,
ubootOrangePi3B,,347792673,,
ubootOrangePi5,,347792709,,
ubootOrangePi5Max,,347792687,,
ubootOrangePi5Plus,,347792704,,
ubootOrangePiZero2,,347792708,,
ubootOrangePiZero3,,347792706,,
ubootOrangePiZeroPlus2H5,,347792707,,
ubootPine64,,347792675,,
ubootPine64LTS,,347792677,,
ubootPinebook,,347792679,,
ubootPythonTools.dtoc,347289906,347289904,,347289905
ubootQuartz64B,,347792685,,
ubootRadxaZero3W,,347792688,,
ubootRock3C,,347792693,,
ubootRock5ModelB,,347792692,,
ubootRock5ModelC,,347792694,,
ubootRock64,,347792697,,
ubootRock64v2,,347792695,,
ubootRockPiE,,347792696,,
ubootSopine,,347792700,,
ubootTuringRK1,,347792702,,
ubridge,,,,347289936
ucode,,,,347289975
ulfius,,,,347290189
ultralytics,,,,347290212
unshieldv3,,,,347290605
unsilence,347290609,347290608,,347290607
usbguard,347290817,347290816,,
usearch,,347290859,,
uucp,,,,347290937
uxn11,,,,347291018
vapoursynth-znedi3,347291169,347291168,,
varnish,,,,347291178
varnish80,,,,347291181
varnish80Packages.varnish,,,,347291186
varnishPackages.varnish,,,,347291193
vault-tasks,347291214,347291213,,347291212
vc4-newlib,,,,347291254
vcdimager,,,,347291265
vdmfec,,,,347291313
verilator,347291448,347291446,,
versatiles,,,,347291457
vg,347291497,347291495,,
video2x,347291564,,,
vivictpp,347293046,347293044,,347293048
vixl,,,,347293061
vodozemac-bindings-cpp,,,,347293155
vouch-proxy,,347293204,,
vowpal-wabbit,347293209,347293208,,347293207
vpp,347293240,347293235,,
vprof,347293239,347293237,,347293236
vrb,347293247,347293246,,
vtk_9_6,347792833,347792832,,347294936
vyper,347294854,347294855,,347294856
warzone2100,347295012,347295013,,
waylock,,347295252,,
wayprompt,347295274,347295272,,
webdev,347295389,347295384,,
werf,,,,347295529
whale,,,,347295607
whitesur-gtk-theme,,,,347295686
wire-desktop,,,,347295879
wownero,,,,347296378
wsjtz,347296478,347296481,,
wxc,,,,347296553
x11basic,347296604,347296603,,
xautocfg,347296707,347296706,,
xcbuild,347296786,347296785,,
xcodebuild,347296822,347296823,,
xcpc,347296850,347296847,,
xdriinfo,,,,347296955
xephem,,,,347296995
xhosts,,,,347297247
xml-security-c,347297405,347297406,,
xonotic-dedicated-unwrapped,,,,347297517
xonotic-sdl-unwrapped,,,,347297522
xsnow,,347297714,,
xstow,,,,347297743
yaegi,,347297889,,
yap,347298067,,,
zabbix.agent2,,,,347298623
zabbix70.agent2,,,,347298609
zabbix74.agent2,,,,347298629
zat,347298681,347298680,,
zcash,347298750,347298743,,
zeroc-ice-cpp11,347298871,347298870,,
zeroc-ice,347298875,347298872,,
zerofs,,,,347298878
zf,,,,347298905
zigfetch,,,,347298991
zookeeper_mt,,,,347299183
zotero,347792918,347792917,,347460673
zrythm,347299257,347299274,,
zulip-term,347299486,347299483,,347299484
zxtune,347299455,347299459,,
